,Classifier_1,Classifier_2,Test,Null Hypo,Win,Lost,Bon,BWin,Blost,Dataset,,,,Row Labels,Count of BWin,Count of Blost
0,DT,LR,Wilcoxon,Accept,,,Accept,,,GodClass,,,,DT,50,6
1,DT,SVM(Lin),Wilcoxon,Reject,SVM(Lin),DT,Accept,,,GodClass,,,,GP,66,3
2,DT,SVM(Poly),Wilcoxon,Reject,SVM(Poly),DT,Accept,,,GodClass,,,,KNN,26,47
3,DT,SVM(Sig),Wilcoxon,Accept,,,Accept,,,GodClass,,,,LDA,22,46
4,DT,SVM(RBF),Wilcoxon,Reject,SVM(RBF),DT,Accept,,,GodClass,,,,LR,30,33
5,DT,MLP,Wilcoxon,Reject,MLP,DT,Accept,,,GodClass,,,,MLP,50,14
6,DT,SGD,Wilcoxon,Reject,DT,SGD,Reject,DT,SGD,GodClass,,,,NB(B),7,81
7,DT,GP,Wilcoxon,Reject,GP,DT,Accept,,,GodClass,,,,NB(G),17,53
8,DT,NB(B),Wilcoxon,Reject,DT,NB(B),Reject,DT,NB(B),GodClass,,,,NB(M),11,70
9,DT,NB(G),Wilcoxon,Accept,,,Accept,,,GodClass,,,,SGD,5,86
10,DT,NB(M),Wilcoxon,Reject,DT,NB(M),Accept,,,GodClass,,,,Stack-DT,42,16
11,DT,LDA,Wilcoxon,Reject,DT,LDA,Reject,DT,LDA,GodClass,,,,Stack-LR,73,
12,DT,KNN,Wilcoxon,Accept,,,Accept,,,GodClass,,,,Stack-SVM,69,
13,DT,Stack-LR,Wilcoxon,Reject,Stack-LR,DT,Reject,Stack-LR,DT,GodClass,,,,SVM(Lin),42,18
14,DT,Stack-DT,Wilcoxon,Reject,DT,Stack-DT,Accept,,,GodClass,,,,SVM(Poly),36,23
15,DT,Stack-SVM,Wilcoxon,Reject,Stack-SVM,DT,Reject,Stack-SVM,DT,GodClass,,,,SVM(RBF),40,24
16,LR,SVM(Lin),Wilcoxon,Reject,SVM(Lin),LR,Reject,SVM(Lin),LR,GodClass,,,,SVM(Sig),8,74
17,LR,SVM(Poly),Wilcoxon,Reject,SVM(Poly),LR,Reject,SVM(Poly),LR,GodClass,,,,,,
18,LR,SVM(Sig),Wilcoxon,Accept,,,Accept,,,GodClass,,,,,,
19,LR,SVM(RBF),Wilcoxon,Reject,SVM(RBF),LR,Reject,SVM(RBF),LR,GodClass,,,,,,
20,LR,MLP,Wilcoxon,Reject,MLP,LR,Accept,,,GodClass,,,,,,
21,LR,SGD,Wilcoxon,Reject,LR,SGD,Reject,LR,SGD,GodClass,,,,,,
22,LR,GP,Wilcoxon,Reject,GP,LR,Accept,,,GodClass,,,,,,
23,LR,NB(B),Wilcoxon,Reject,LR,NB(B),Reject,LR,NB(B),GodClass,,,,,,
24,LR,NB(G),Wilcoxon,Accept,,,Accept,,,GodClass,,,,,,
25,LR,NB(M),Wilcoxon,Reject,LR,NB(M),Accept,,,GodClass,,,,,,
26,LR,LDA,Wilcoxon,Reject,LR,LDA,Reject,LR,LDA,GodClass,,,,,,
27,LR,KNN,Wilcoxon,Accept,,,Accept,,,GodClass,,,,,,
28,LR,Stack-LR,Wilcoxon,Reject,Stack-LR,LR,Reject,Stack-LR,LR,GodClass,,,,,,
29,LR,Stack-DT,Wilcoxon,Reject,LR,Stack-DT,Accept,,,GodClass,,,,,,
30,LR,Stack-SVM,Wilcoxon,Reject,Stack-SVM,LR,Reject,Stack-SVM,LR,GodClass,,,,,,
31,SVM(Lin),SVM(Poly),Wilcoxon,Accept,,,Accept,,,GodClass,,,,,,
32,SVM(Lin),SVM(Sig),Wilcoxon,Reject,SVM(Lin),SVM(Sig),Reject,SVM(Lin),SVM(Sig),GodClass,,,,,,
33,SVM(Lin),SVM(RBF),Wilcoxon,Accept,,,Accept,,,GodClass,,,,,,
34,SVM(Lin),MLP,Wilcoxon,Accept,,,Accept,,,GodClass,,,,,,
35,SVM(Lin),SGD,Wilcoxon,Reject,SVM(Lin),SGD,Reject,SVM(Lin),SGD,GodClass,,,,,,
36,SVM(Lin),GP,Wilcoxon,Accept,,,Accept,,,GodClass,,,,,,
37,SVM(Lin),NB(B),Wilcoxon,Reject,SVM(Lin),NB(B),Reject,SVM(Lin),NB(B),GodClass,,,,,,
38,SVM(Lin),NB(G),Wilcoxon,Accept,,,Accept,,,GodClass,,,,,,
39,SVM(Lin),NB(M),Wilcoxon,Reject,SVM(Lin),NB(M),Reject,SVM(Lin),NB(M),GodClass,,,,,,
40,SVM(Lin),LDA,Wilcoxon,Reject,SVM(Lin),LDA,Reject,SVM(Lin),LDA,GodClass,,,,,,
41,SVM(Lin),KNN,Wilcoxon,Reject,SVM(Lin),KNN,Accept,,,GodClass,,,,,,
42,SVM(Lin),Stack-LR,Wilcoxon,Reject,Stack-LR,SVM(Lin),Accept,,,GodClass,,,,,,
43,SVM(Lin),Stack-DT,Wilcoxon,Reject,SVM(Lin),Stack-DT,Reject,SVM(Lin),Stack-DT,GodClass,,,,,,
44,SVM(Lin),Stack-SVM,Wilcoxon,Accept,,,Accept,,,GodClass,,,,,,
45,SVM(Poly),SVM(Sig),Wilcoxon,Reject,SVM(Poly),SVM(Sig),Reject,SVM(Poly),SVM(Sig),GodClass,,,,,,
46,SVM(Poly),SVM(RBF),Wilcoxon,Accept,,,Accept,,,GodClass,,,,,,
47,SVM(Poly),MLP,Wilcoxon,Reject,SVM(Poly),MLP,Accept,,,GodClass,,,,,,
48,SVM(Poly),SGD,Wilcoxon,Reject,SVM(Poly),SGD,Reject,SVM(Poly),SGD,GodClass,,,,,,
49,SVM(Poly),GP,Wilcoxon,Accept,,,Accept,,,GodClass,,,,,,
50,SVM(Poly),NB(B),Wilcoxon,Reject,SVM(Poly),NB(B),Reject,SVM(Poly),NB(B),GodClass,,,,,,
51,SVM(Poly),NB(G),Wilcoxon,Reject,SVM(Poly),NB(G),Accept,,,GodClass,,,,,,
52,SVM(Poly),NB(M),Wilcoxon,Reject,SVM(Poly),NB(M),Reject,SVM(Poly),NB(M),GodClass,,,,,,
53,SVM(Poly),LDA,Wilcoxon,Reject,SVM(Poly),LDA,Reject,SVM(Poly),LDA,GodClass,,,,,,
54,SVM(Poly),KNN,Wilcoxon,Reject,SVM(Poly),KNN,Accept,,,GodClass,,,,,,
55,SVM(Poly),Stack-LR,Wilcoxon,Accept,,,Accept,,,GodClass,,,,,,
56,SVM(Poly),Stack-DT,Wilcoxon,Reject,SVM(Poly),Stack-DT,Reject,SVM(Poly),Stack-DT,GodClass,,,,,,
57,SVM(Poly),Stack-SVM,Wilcoxon,Accept,,,Accept,,,GodClass,,,,,,
58,SVM(Sig),SVM(RBF),Wilcoxon,Reject,SVM(RBF),SVM(Sig),Reject,SVM(RBF),SVM(Sig),GodClass,,,,,,
59,SVM(Sig),MLP,Wilcoxon,Reject,MLP,SVM(Sig),Reject,MLP,SVM(Sig),GodClass,,,,,,
60,SVM(Sig),SGD,Wilcoxon,Reject,SVM(Sig),SGD,Reject,SVM(Sig),SGD,GodClass,,,,,,
61,SVM(Sig),GP,Wilcoxon,Reject,GP,SVM(Sig),Reject,GP,SVM(Sig),GodClass,,,,,,
62,SVM(Sig),NB(B),Wilcoxon,Reject,SVM(Sig),NB(B),Reject,SVM(Sig),NB(B),GodClass,,,,,,
63,SVM(Sig),NB(G),Wilcoxon,Reject,NB(G),SVM(Sig),Accept,,,GodClass,,,,,,
64,SVM(Sig),NB(M),Wilcoxon,Accept,,,Accept,,,GodClass,,,,,,
65,SVM(Sig),LDA,Wilcoxon,Reject,SVM(Sig),LDA,Accept,,,GodClass,,,,,,
66,SVM(Sig),KNN,Wilcoxon,Reject,KNN,SVM(Sig),Accept,,,GodClass,,,,,,
67,SVM(Sig),Stack-LR,Wilcoxon,Reject,Stack-LR,SVM(Sig),Reject,Stack-LR,SVM(Sig),GodClass,,,,,,
68,SVM(Sig),Stack-DT,Wilcoxon,Accept,,,Accept,,,GodClass,,,,,,
69,SVM(Sig),Stack-SVM,Wilcoxon,Reject,Stack-SVM,SVM(Sig),Reject,Stack-SVM,SVM(Sig),GodClass,,,,,,
70,SVM(RBF),MLP,Wilcoxon,Reject,SVM(RBF),MLP,Accept,,,GodClass,,,,,,
71,SVM(RBF),SGD,Wilcoxon,Reject,SVM(RBF),SGD,Reject,SVM(RBF),SGD,GodClass,,,,,,
72,SVM(RBF),GP,Wilcoxon,Reject,SVM(RBF),GP,Accept,,,GodClass,,,,,,
73,SVM(RBF),NB(B),Wilcoxon,Reject,SVM(RBF),NB(B),Reject,SVM(RBF),NB(B),GodClass,,,,,,
74,SVM(RBF),NB(G),Wilcoxon,Reject,SVM(RBF),NB(G),Accept,,,GodClass,,,,,,
75,SVM(RBF),NB(M),Wilcoxon,Reject,SVM(RBF),NB(M),Reject,SVM(RBF),NB(M),GodClass,,,,,,
76,SVM(RBF),LDA,Wilcoxon,Reject,SVM(RBF),LDA,Reject,SVM(RBF),LDA,GodClass,,,,,,
77,SVM(RBF),KNN,Wilcoxon,Reject,SVM(RBF),KNN,Accept,,,GodClass,,,,,,
78,SVM(RBF),Stack-LR,Wilcoxon,Accept,,,Accept,,,GodClass,,,,,,
79,SVM(RBF),Stack-DT,Wilcoxon,Reject,SVM(RBF),Stack-DT,Reject,SVM(RBF),Stack-DT,GodClass,,,,,,
80,SVM(RBF),Stack-SVM,Wilcoxon,Accept,,,Accept,,,GodClass,,,,,,
81,MLP,SGD,Wilcoxon,Reject,MLP,SGD,Reject,MLP,SGD,GodClass,,,,,,
82,MLP,GP,Wilcoxon,Accept,,,Accept,,,GodClass,,,,,,
83,MLP,NB(B),Wilcoxon,Reject,MLP,NB(B),Reject,MLP,NB(B),GodClass,,,,,,
84,MLP,NB(G),Wilcoxon,Accept,,,Accept,,,GodClass,,,,,,
85,MLP,NB(M),Wilcoxon,Reject,MLP,NB(M),Reject,MLP,NB(M),GodClass,,,,,,
86,MLP,LDA,Wilcoxon,Reject,MLP,LDA,Reject,MLP,LDA,GodClass,,,,,,
87,MLP,KNN,Wilcoxon,Accept,,,Accept,,,GodClass,,,,,,
88,MLP,Stack-LR,Wilcoxon,Reject,Stack-LR,MLP,Reject,Stack-LR,MLP,GodClass,,,,,,
89,MLP,Stack-DT,Wilcoxon,Reject,MLP,Stack-DT,Reject,MLP,Stack-DT,GodClass,,,,,,
90,MLP,Stack-SVM,Wilcoxon,Reject,Stack-SVM,MLP,Accept,,,GodClass,,,,,,
91,SGD,GP,Wilcoxon,Reject,GP,SGD,Reject,GP,SGD,GodClass,,,,,,
92,SGD,NB(B),Wilcoxon,Reject,NB(B),SGD,Reject,NB(B),SGD,GodClass,,,,,,
93,SGD,NB(G),Wilcoxon,Reject,NB(G),SGD,Reject,NB(G),SGD,GodClass,,,,,,
94,SGD,NB(M),Wilcoxon,Reject,NB(M),SGD,Reject,NB(M),SGD,GodClass,,,,,,
95,SGD,LDA,Wilcoxon,Reject,LDA,SGD,Reject,LDA,SGD,GodClass,,,,,,
96,SGD,KNN,Wilcoxon,Reject,KNN,SGD,Reject,KNN,SGD,GodClass,,,,,,
97,SGD,Stack-LR,Wilcoxon,Reject,Stack-LR,SGD,Reject,Stack-LR,SGD,GodClass,,,,,,
98,SGD,Stack-DT,Wilcoxon,Reject,Stack-DT,SGD,Reject,Stack-DT,SGD,GodClass,,,,,,
99,SGD,Stack-SVM,Wilcoxon,Reject,Stack-SVM,SGD,Reject,Stack-SVM,SGD,GodClass,,,,,,
100,GP,NB(B),Wilcoxon,Reject,GP,NB(B),Reject,GP,NB(B),GodClass,,,,,,
101,GP,NB(G),Wilcoxon,Accept,,,Accept,,,GodClass,,,,,,
102,GP,NB(M),Wilcoxon,Reject,GP,NB(M),Reject,GP,NB(M),GodClass,,,,,,
103,GP,LDA,Wilcoxon,Reject,GP,LDA,Reject,GP,LDA,GodClass,,,,,,
104,GP,KNN,Wilcoxon,Reject,GP,KNN,Accept,,,GodClass,,,,,,
105,GP,Stack-LR,Wilcoxon,Reject,Stack-LR,GP,Accept,,,GodClass,,,,,,
106,GP,Stack-DT,Wilcoxon,Reject,GP,Stack-DT,Reject,GP,Stack-DT,GodClass,,,,,,
107,GP,Stack-SVM,Wilcoxon,Reject,Stack-SVM,GP,Accept,,,GodClass,,,,,,
108,NB(B),NB(G),Wilcoxon,Reject,NB(G),NB(B),Reject,NB(G),NB(B),GodClass,,,,,,
109,NB(B),NB(M),Wilcoxon,Reject,NB(M),NB(B),Reject,NB(M),NB(B),GodClass,,,,,,
110,NB(B),LDA,Wilcoxon,Reject,LDA,NB(B),Reject,LDA,NB(B),GodClass,,,,,,
111,NB(B),KNN,Wilcoxon,Reject,KNN,NB(B),Reject,KNN,NB(B),GodClass,,,,,,
112,NB(B),Stack-LR,Wilcoxon,Reject,Stack-LR,NB(B),Reject,Stack-LR,NB(B),GodClass,,,,,,
113,NB(B),Stack-DT,Wilcoxon,Reject,Stack-DT,NB(B),Reject,Stack-DT,NB(B),GodClass,,,,,,
114,NB(B),Stack-SVM,Wilcoxon,Reject,Stack-SVM,NB(B),Reject,Stack-SVM,NB(B),GodClass,,,,,,
115,NB(G),NB(M),Wilcoxon,Reject,NB(G),NB(M),Accept,,,GodClass,,,,,,
116,NB(G),LDA,Wilcoxon,Reject,NB(G),LDA,Reject,NB(G),LDA,GodClass,,,,,,
117,NB(G),KNN,Wilcoxon,Accept,,,Accept,,,GodClass,,,,,,
118,NB(G),Stack-LR,Wilcoxon,Reject,Stack-LR,NB(G),Reject,Stack-LR,NB(G),GodClass,,,,,,
119,NB(G),Stack-DT,Wilcoxon,Reject,NB(G),Stack-DT,Accept,,,GodClass,,,,,,
120,NB(G),Stack-SVM,Wilcoxon,Reject,Stack-SVM,NB(G),Accept,,,GodClass,,,,,,
121,NB(M),LDA,Wilcoxon,Reject,NB(M),LDA,Accept,,,GodClass,,,,,,
122,NB(M),KNN,Wilcoxon,Reject,KNN,NB(M),Reject,KNN,NB(M),GodClass,,,,,,
123,NB(M),Stack-LR,Wilcoxon,Reject,Stack-LR,NB(M),Reject,Stack-LR,NB(M),GodClass,,,,,,
124,NB(M),Stack-DT,Wilcoxon,Accept,,,Accept,,,GodClass,,,,,,
125,NB(M),Stack-SVM,Wilcoxon,Reject,Stack-SVM,NB(M),Reject,Stack-SVM,NB(M),GodClass,,,,,,
126,LDA,KNN,Wilcoxon,Reject,KNN,LDA,Reject,KNN,LDA,GodClass,,,,,,
127,LDA,Stack-LR,Wilcoxon,Reject,Stack-LR,LDA,Reject,Stack-LR,LDA,GodClass,,,,,,
128,LDA,Stack-DT,Wilcoxon,Reject,Stack-DT,LDA,Accept,,,GodClass,,,,,,
129,LDA,Stack-SVM,Wilcoxon,Reject,Stack-SVM,LDA,Reject,Stack-SVM,LDA,GodClass,,,,,,
130,KNN,Stack-LR,Wilcoxon,Reject,Stack-LR,KNN,Reject,Stack-LR,KNN,GodClass,,,,,,
131,KNN,Stack-DT,Wilcoxon,Reject,KNN,Stack-DT,Accept,,,GodClass,,,,,,
132,KNN,Stack-SVM,Wilcoxon,Reject,Stack-SVM,KNN,Reject,Stack-SVM,KNN,GodClass,,,,,,
133,Stack-LR,Stack-DT,Wilcoxon,Reject,Stack-LR,Stack-DT,Reject,Stack-LR,Stack-DT,GodClass,,,,,,
134,Stack-LR,Stack-SVM,Wilcoxon,Accept,,,Accept,,,GodClass,,,,,,
135,Stack-DT,Stack-SVM,Wilcoxon,Reject,Stack-SVM,Stack-DT,Reject,Stack-SVM,Stack-DT,GodClass,,,,,,
0,DT,LR,Wilcoxon,Reject,DT,LR,Reject,DT,LR,DataClass,,,,,,
1,DT,SVM(Lin),Wilcoxon,Reject,DT,SVM(Lin),Reject,DT,SVM(Lin),DataClass,,,,,,
2,DT,SVM(Poly),Wilcoxon,Reject,DT,SVM(Poly),Reject,DT,SVM(Poly),DataClass,,,,,,
3,DT,SVM(Sig),Wilcoxon,Reject,DT,SVM(Sig),Reject,DT,SVM(Sig),DataClass,,,,,,
4,DT,SVM(RBF),Wilcoxon,Reject,DT,SVM(RBF),Reject,DT,SVM(RBF),DataClass,,,,,,
5,DT,MLP,Wilcoxon,Reject,DT,MLP,Reject,DT,MLP,DataClass,,,,,,
6,DT,SGD,Wilcoxon,Reject,DT,SGD,Reject,DT,SGD,DataClass,,,,,,
7,DT,GP,Wilcoxon,Reject,DT,GP,Reject,DT,GP,DataClass,,,,,,
8,DT,NB(B),Wilcoxon,Reject,DT,NB(B),Reject,DT,NB(B),DataClass,,,,,,
9,DT,NB(G),Wilcoxon,Reject,DT,NB(G),Reject,DT,NB(G),DataClass,,,,,,
10,DT,NB(M),Wilcoxon,Reject,DT,NB(M),Reject,DT,NB(M),DataClass,,,,,,
11,DT,LDA,Wilcoxon,Reject,DT,LDA,Reject,DT,LDA,DataClass,,,,,,
12,DT,KNN,Wilcoxon,Reject,DT,KNN,Reject,DT,KNN,DataClass,,,,,,
13,DT,Stack-LR,Wilcoxon,Accept,,,Accept,,,DataClass,,,,,,
14,DT,Stack-DT,Wilcoxon,Reject,DT,Stack-DT,Accept,,,DataClass,,,,,,
15,DT,Stack-SVM,Wilcoxon,Accept,,,Accept,,,DataClass,,,,,,
16,LR,SVM(Lin),Wilcoxon,Accept,,,Accept,,,DataClass,,,,,,
17,LR,SVM(Poly),Wilcoxon,Reject,LR,SVM(Poly),Accept,,,DataClass,,,,,,
18,LR,SVM(Sig),Wilcoxon,Reject,LR,SVM(Sig),Reject,LR,SVM(Sig),DataClass,,,,,,
19,LR,SVM(RBF),Wilcoxon,Reject,SVM(RBF),LR,Reject,SVM(RBF),LR,DataClass,,,,,,
20,LR,MLP,Wilcoxon,Reject,MLP,LR,Reject,MLP,LR,DataClass,,,,,,
21,LR,SGD,Wilcoxon,Reject,LR,SGD,Reject,LR,SGD,DataClass,,,,,,
22,LR,GP,Wilcoxon,Reject,GP,LR,Reject,GP,LR,DataClass,,,,,,
23,LR,NB(B),Wilcoxon,Accept,,,Accept,,,DataClass,,,,,,
24,LR,NB(G),Wilcoxon,Reject,LR,NB(G),Reject,LR,NB(G),DataClass,,,,,,
25,LR,NB(M),Wilcoxon,Reject,LR,NB(M),Reject,LR,NB(M),DataClass,,,,,,
26,LR,LDA,Wilcoxon,Reject,LR,LDA,Reject,LR,LDA,DataClass,,,,,,
27,LR,KNN,Wilcoxon,Reject,KNN,LR,Accept,,,DataClass,,,,,,
28,LR,Stack-LR,Wilcoxon,Reject,Stack-LR,LR,Reject,Stack-LR,LR,DataClass,,,,,,
29,LR,Stack-DT,Wilcoxon,Reject,Stack-DT,LR,Reject,Stack-DT,LR,DataClass,,,,,,
30,LR,Stack-SVM,Wilcoxon,Reject,Stack-SVM,LR,Reject,Stack-SVM,LR,DataClass,,,,,,
31,SVM(Lin),SVM(Poly),Wilcoxon,Reject,SVM(Lin),SVM(Poly),Accept,,,DataClass,,,,,,
32,SVM(Lin),SVM(Sig),Wilcoxon,Reject,SVM(Lin),SVM(Sig),Reject,SVM(Lin),SVM(Sig),DataClass,,,,,,
33,SVM(Lin),SVM(RBF),Wilcoxon,Reject,SVM(RBF),SVM(Lin),Reject,SVM(RBF),SVM(Lin),DataClass,,,,,,
34,SVM(Lin),MLP,Wilcoxon,Reject,MLP,SVM(Lin),Reject,MLP,SVM(Lin),DataClass,,,,,,
35,SVM(Lin),SGD,Wilcoxon,Reject,SVM(Lin),SGD,Reject,SVM(Lin),SGD,DataClass,,,,,,
36,SVM(Lin),GP,Wilcoxon,Reject,GP,SVM(Lin),Reject,GP,SVM(Lin),DataClass,,,,,,
37,SVM(Lin),NB(B),Wilcoxon,Accept,,,Accept,,,DataClass,,,,,,
38,SVM(Lin),NB(G),Wilcoxon,Reject,SVM(Lin),NB(G),Reject,SVM(Lin),NB(G),DataClass,,,,,,
39,SVM(Lin),NB(M),Wilcoxon,Reject,SVM(Lin),NB(M),Reject,SVM(Lin),NB(M),DataClass,,,,,,
40,SVM(Lin),LDA,Wilcoxon,Reject,SVM(Lin),LDA,Accept,,,DataClass,,,,,,
41,SVM(Lin),KNN,Wilcoxon,Reject,KNN,SVM(Lin),Accept,,,DataClass,,,,,,
42,SVM(Lin),Stack-LR,Wilcoxon,Reject,Stack-LR,SVM(Lin),Reject,Stack-LR,SVM(Lin),DataClass,,,,,,
43,SVM(Lin),Stack-DT,Wilcoxon,Reject,Stack-DT,SVM(Lin),Reject,Stack-DT,SVM(Lin),DataClass,,,,,,
44,SVM(Lin),Stack-SVM,Wilcoxon,Reject,Stack-SVM,SVM(Lin),Reject,Stack-SVM,SVM(Lin),DataClass,,,,,,
45,SVM(Poly),SVM(Sig),Wilcoxon,Reject,SVM(Poly),SVM(Sig),Reject,SVM(Poly),SVM(Sig),DataClass,,,,,,
46,SVM(Poly),SVM(RBF),Wilcoxon,Reject,SVM(RBF),SVM(Poly),Reject,SVM(RBF),SVM(Poly),DataClass,,,,,,
47,SVM(Poly),MLP,Wilcoxon,Reject,MLP,SVM(Poly),Reject,MLP,SVM(Poly),DataClass,,,,,,
48,SVM(Poly),SGD,Wilcoxon,Reject,SVM(Poly),SGD,Reject,SVM(Poly),SGD,DataClass,,,,,,
49,SVM(Poly),GP,Wilcoxon,Reject,GP,SVM(Poly),Reject,GP,SVM(Poly),DataClass,,,,,,
50,SVM(Poly),NB(B),Wilcoxon,Accept,,,Accept,,,DataClass,,,,,,
51,SVM(Poly),NB(G),Wilcoxon,Reject,SVM(Poly),NB(G),Reject,SVM(Poly),NB(G),DataClass,,,,,,
52,SVM(Poly),NB(M),Wilcoxon,Reject,SVM(Poly),NB(M),Reject,SVM(Poly),NB(M),DataClass,,,,,,
53,SVM(Poly),LDA,Wilcoxon,Accept,,,Accept,,,DataClass,,,,,,
54,SVM(Poly),KNN,Wilcoxon,Reject,KNN,SVM(Poly),Reject,KNN,SVM(Poly),DataClass,,,,,,
55,SVM(Poly),Stack-LR,Wilcoxon,Reject,Stack-LR,SVM(Poly),Reject,Stack-LR,SVM(Poly),DataClass,,,,,,
56,SVM(Poly),Stack-DT,Wilcoxon,Reject,Stack-DT,SVM(Poly),Reject,Stack-DT,SVM(Poly),DataClass,,,,,,
57,SVM(Poly),Stack-SVM,Wilcoxon,Reject,Stack-SVM,SVM(Poly),Reject,Stack-SVM,SVM(Poly),DataClass,,,,,,
58,SVM(Sig),SVM(RBF),Wilcoxon,Reject,SVM(RBF),SVM(Sig),Reject,SVM(RBF),SVM(Sig),DataClass,,,,,,
59,SVM(Sig),MLP,Wilcoxon,Reject,MLP,SVM(Sig),Reject,MLP,SVM(Sig),DataClass,,,,,,
60,SVM(Sig),SGD,Wilcoxon,Reject,SVM(Sig),SGD,Reject,SVM(Sig),SGD,DataClass,,,,,,
61,SVM(Sig),GP,Wilcoxon,Reject,GP,SVM(Sig),Reject,GP,SVM(Sig),DataClass,,,,,,
62,SVM(Sig),NB(B),Wilcoxon,Reject,NB(B),SVM(Sig),Reject,NB(B),SVM(Sig),DataClass,,,,,,
63,SVM(Sig),NB(G),Wilcoxon,Reject,SVM(Sig),NB(G),Reject,SVM(Sig),NB(G),DataClass,,,,,,
64,SVM(Sig),NB(M),Wilcoxon,Reject,NB(M),SVM(Sig),Reject,NB(M),SVM(Sig),DataClass,,,,,,
65,SVM(Sig),LDA,Wilcoxon,Reject,LDA,SVM(Sig),Reject,LDA,SVM(Sig),DataClass,,,,,,
66,SVM(Sig),KNN,Wilcoxon,Reject,KNN,SVM(Sig),Reject,KNN,SVM(Sig),DataClass,,,,,,
67,SVM(Sig),Stack-LR,Wilcoxon,Reject,Stack-LR,SVM(Sig),Reject,Stack-LR,SVM(Sig),DataClass,,,,,,
68,SVM(Sig),Stack-DT,Wilcoxon,Reject,Stack-DT,SVM(Sig),Reject,Stack-DT,SVM(Sig),DataClass,,,,,,
69,SVM(Sig),Stack-SVM,Wilcoxon,Reject,Stack-SVM,SVM(Sig),Reject,Stack-SVM,SVM(Sig),DataClass,,,,,,
70,SVM(RBF),MLP,Wilcoxon,Accept,,,Accept,,,DataClass,,,,,,
71,SVM(RBF),SGD,Wilcoxon,Reject,SVM(RBF),SGD,Reject,SVM(RBF),SGD,DataClass,,,,,,
72,SVM(RBF),GP,Wilcoxon,Reject,GP,SVM(RBF),Accept,,,DataClass,,,,,,
73,SVM(RBF),NB(B),Wilcoxon,Reject,SVM(RBF),NB(B),Reject,SVM(RBF),NB(B),DataClass,,,,,,
74,SVM(RBF),NB(G),Wilcoxon,Reject,SVM(RBF),NB(G),Reject,SVM(RBF),NB(G),DataClass,,,,,,
75,SVM(RBF),NB(M),Wilcoxon,Reject,SVM(RBF),NB(M),Reject,SVM(RBF),NB(M),DataClass,,,,,,
76,SVM(RBF),LDA,Wilcoxon,Reject,SVM(RBF),LDA,Reject,SVM(RBF),LDA,DataClass,,,,,,
77,SVM(RBF),KNN,Wilcoxon,Reject,SVM(RBF),KNN,Accept,,,DataClass,,,,,,
78,SVM(RBF),Stack-LR,Wilcoxon,Reject,Stack-LR,SVM(RBF),Reject,Stack-LR,SVM(RBF),DataClass,,,,,,
79,SVM(RBF),Stack-DT,Wilcoxon,Reject,Stack-DT,SVM(RBF),Reject,Stack-DT,SVM(RBF),DataClass,,,,,,
80,SVM(RBF),Stack-SVM,Wilcoxon,Reject,Stack-SVM,SVM(RBF),Reject,Stack-SVM,SVM(RBF),DataClass,,,,,,
81,MLP,SGD,Wilcoxon,Reject,MLP,SGD,Reject,MLP,SGD,DataClass,,,,,,
82,MLP,GP,Wilcoxon,Reject,GP,MLP,Reject,GP,MLP,DataClass,,,,,,
83,MLP,NB(B),Wilcoxon,Reject,MLP,NB(B),Reject,MLP,NB(B),DataClass,,,,,,
84,MLP,NB(G),Wilcoxon,Reject,MLP,NB(G),Reject,MLP,NB(G),DataClass,,,,,,
85,MLP,NB(M),Wilcoxon,Reject,MLP,NB(M),Reject,MLP,NB(M),DataClass,,,,,,
86,MLP,LDA,Wilcoxon,Reject,MLP,LDA,Reject,MLP,LDA,DataClass,,,,,,
87,MLP,KNN,Wilcoxon,Reject,MLP,KNN,Accept,,,DataClass,,,,,,
88,MLP,Stack-LR,Wilcoxon,Reject,Stack-LR,MLP,Reject,Stack-LR,MLP,DataClass,,,,,,
89,MLP,Stack-DT,Wilcoxon,Reject,Stack-DT,MLP,Reject,Stack-DT,MLP,DataClass,,,,,,
90,MLP,Stack-SVM,Wilcoxon,Reject,Stack-SVM,MLP,Reject,Stack-SVM,MLP,DataClass,,,,,,
91,SGD,GP,Wilcoxon,Reject,GP,SGD,Reject,GP,SGD,DataClass,,,,,,
92,SGD,NB(B),Wilcoxon,Reject,NB(B),SGD,Reject,NB(B),SGD,DataClass,,,,,,
93,SGD,NB(G),Wilcoxon,Reject,SGD,NB(G),Accept,,,DataClass,,,,,,
94,SGD,NB(M),Wilcoxon,Reject,NB(M),SGD,Reject,NB(M),SGD,DataClass,,,,,,
95,SGD,LDA,Wilcoxon,Reject,LDA,SGD,Reject,LDA,SGD,DataClass,,,,,,
96,SGD,KNN,Wilcoxon,Reject,KNN,SGD,Reject,KNN,SGD,DataClass,,,,,,
97,SGD,Stack-LR,Wilcoxon,Reject,Stack-LR,SGD,Reject,Stack-LR,SGD,DataClass,,,,,,
98,SGD,Stack-DT,Wilcoxon,Reject,Stack-DT,SGD,Reject,Stack-DT,SGD,DataClass,,,,,,
99,SGD,Stack-SVM,Wilcoxon,Reject,Stack-SVM,SGD,Reject,Stack-SVM,SGD,DataClass,,,,,,
100,GP,NB(B),Wilcoxon,Reject,GP,NB(B),Reject,GP,NB(B),DataClass,,,,,,
101,GP,NB(G),Wilcoxon,Reject,GP,NB(G),Reject,GP,NB(G),DataClass,,,,,,
102,GP,NB(M),Wilcoxon,Reject,GP,NB(M),Reject,GP,NB(M),DataClass,,,,,,
103,GP,LDA,Wilcoxon,Reject,GP,LDA,Reject,GP,LDA,DataClass,,,,,,
104,GP,KNN,Wilcoxon,Reject,GP,KNN,Reject,GP,KNN,DataClass,,,,,,
105,GP,Stack-LR,Wilcoxon,Reject,Stack-LR,GP,Reject,Stack-LR,GP,DataClass,,,,,,
106,GP,Stack-DT,Wilcoxon,Accept,,,Accept,,,DataClass,,,,,,
107,GP,Stack-SVM,Wilcoxon,Reject,Stack-SVM,GP,Reject,Stack-SVM,GP,DataClass,,,,,,
108,NB(B),NB(G),Wilcoxon,Reject,NB(B),NB(G),Reject,NB(B),NB(G),DataClass,,,,,,
109,NB(B),NB(M),Wilcoxon,Reject,NB(B),NB(M),Reject,NB(B),NB(M),DataClass,,,,,,
110,NB(B),LDA,Wilcoxon,Accept,,,Accept,,,DataClass,,,,,,
111,NB(B),KNN,Wilcoxon,Reject,KNN,NB(B),Accept,,,DataClass,,,,,,
112,NB(B),Stack-LR,Wilcoxon,Reject,Stack-LR,NB(B),Reject,Stack-LR,NB(B),DataClass,,,,,,
113,NB(B),Stack-DT,Wilcoxon,Reject,Stack-DT,NB(B),Reject,Stack-DT,NB(B),DataClass,,,,,,
114,NB(B),Stack-SVM,Wilcoxon,Reject,Stack-SVM,NB(B),Reject,Stack-SVM,NB(B),DataClass,,,,,,
115,NB(G),NB(M),Wilcoxon,Reject,NB(M),NB(G),Reject,NB(M),NB(G),DataClass,,,,,,
116,NB(G),LDA,Wilcoxon,Reject,LDA,NB(G),Reject,LDA,NB(G),DataClass,,,,,,
117,NB(G),KNN,Wilcoxon,Reject,KNN,NB(G),Reject,KNN,NB(G),DataClass,,,,,,
118,NB(G),Stack-LR,Wilcoxon,Reject,Stack-LR,NB(G),Reject,Stack-LR,NB(G),DataClass,,,,,,
119,NB(G),Stack-DT,Wilcoxon,Reject,Stack-DT,NB(G),Reject,Stack-DT,NB(G),DataClass,,,,,,
120,NB(G),Stack-SVM,Wilcoxon,Reject,Stack-SVM,NB(G),Reject,Stack-SVM,NB(G),DataClass,,,,,,
121,NB(M),LDA,Wilcoxon,Reject,LDA,NB(M),Accept,,,DataClass,,,,,,
122,NB(M),KNN,Wilcoxon,Reject,KNN,NB(M),Reject,KNN,NB(M),DataClass,,,,,,
123,NB(M),Stack-LR,Wilcoxon,Reject,Stack-LR,NB(M),Reject,Stack-LR,NB(M),DataClass,,,,,,
124,NB(M),Stack-DT,Wilcoxon,Reject,Stack-DT,NB(M),Reject,Stack-DT,NB(M),DataClass,,,,,,
125,NB(M),Stack-SVM,Wilcoxon,Reject,Stack-SVM,NB(M),Reject,Stack-SVM,NB(M),DataClass,,,,,,
126,LDA,KNN,Wilcoxon,Reject,KNN,LDA,Reject,KNN,LDA,DataClass,,,,,,
127,LDA,Stack-LR,Wilcoxon,Reject,Stack-LR,LDA,Reject,Stack-LR,LDA,DataClass,,,,,,
128,LDA,Stack-DT,Wilcoxon,Reject,Stack-DT,LDA,Reject,Stack-DT,LDA,DataClass,,,,,,
129,LDA,Stack-SVM,Wilcoxon,Reject,Stack-SVM,LDA,Reject,Stack-SVM,LDA,DataClass,,,,,,
130,KNN,Stack-LR,Wilcoxon,Reject,Stack-LR,KNN,Reject,Stack-LR,KNN,DataClass,,,,,,
131,KNN,Stack-DT,Wilcoxon,Reject,Stack-DT,KNN,Reject,Stack-DT,KNN,DataClass,,,,,,
132,KNN,Stack-SVM,Wilcoxon,Reject,Stack-SVM,KNN,Reject,Stack-SVM,KNN,DataClass,,,,,,
133,Stack-LR,Stack-DT,Wilcoxon,Reject,Stack-LR,Stack-DT,Accept,,,DataClass,,,,,,
134,Stack-LR,Stack-SVM,Wilcoxon,Accept,,,Accept,,,DataClass,,,,,,
135,Stack-DT,Stack-SVM,Wilcoxon,Reject,Stack-SVM,Stack-DT,Accept,,,DataClass,,,,,,
0,DT,LR,Wilcoxon,Reject,DT,LR,Reject,DT,LR,FeatureEnvy,,,,,,
1,DT,SVM(Lin),Wilcoxon,Accept,,,Accept,,,FeatureEnvy,,,,,,
2,DT,SVM(Poly),Wilcoxon,Reject,DT,SVM(Poly),Reject,DT,SVM(Poly),FeatureEnvy,,,,,,
3,DT,SVM(Sig),Wilcoxon,Reject,DT,SVM(Sig),Reject,DT,SVM(Sig),FeatureEnvy,,,,,,
4,DT,SVM(RBF),Wilcoxon,Reject,DT,SVM(RBF),Accept,,,FeatureEnvy,,,,,,
5,DT,MLP,Wilcoxon,Accept,,,Accept,,,FeatureEnvy,,,,,,
6,DT,SGD,Wilcoxon,Reject,DT,SGD,Reject,DT,SGD,FeatureEnvy,,,,,,
7,DT,GP,Wilcoxon,Reject,GP,DT,Accept,,,FeatureEnvy,,,,,,
8,DT,NB(B),Wilcoxon,Reject,DT,NB(B),Reject,DT,NB(B),FeatureEnvy,,,,,,
9,DT,NB(G),Wilcoxon,Reject,DT,NB(G),Reject,DT,NB(G),FeatureEnvy,,,,,,
10,DT,NB(M),Wilcoxon,Reject,DT,NB(M),Reject,DT,NB(M),FeatureEnvy,,,,,,
11,DT,LDA,Wilcoxon,Reject,DT,LDA,Reject,DT,LDA,FeatureEnvy,,,,,,
12,DT,KNN,Wilcoxon,Reject,DT,KNN,Reject,DT,KNN,FeatureEnvy,,,,,,
13,DT,Stack-LR,Wilcoxon,Reject,Stack-LR,DT,Accept,,,FeatureEnvy,,,,,,
14,DT,Stack-DT,Wilcoxon,Reject,DT,Stack-DT,Accept,,,FeatureEnvy,,,,,,
15,DT,Stack-SVM,Wilcoxon,Accept,,,Accept,,,FeatureEnvy,,,,,,
16,LR,SVM(Lin),Wilcoxon,Reject,SVM(Lin),LR,Reject,SVM(Lin),LR,FeatureEnvy,,,,,,
17,LR,SVM(Poly),Wilcoxon,Reject,SVM(Poly),LR,Accept,,,FeatureEnvy,,,,,,
18,LR,SVM(Sig),Wilcoxon,Reject,LR,SVM(Sig),Accept,,,FeatureEnvy,,,,,,
19,LR,SVM(RBF),Wilcoxon,Reject,SVM(RBF),LR,Reject,SVM(RBF),LR,FeatureEnvy,,,,,,
20,LR,MLP,Wilcoxon,Reject,MLP,LR,Reject,MLP,LR,FeatureEnvy,,,,,,
21,LR,SGD,Wilcoxon,Reject,LR,SGD,Reject,LR,SGD,FeatureEnvy,,,,,,
22,LR,GP,Wilcoxon,Reject,GP,LR,Reject,GP,LR,FeatureEnvy,,,,,,
23,LR,NB(B),Wilcoxon,Reject,LR,NB(B),Reject,LR,NB(B),FeatureEnvy,,,,,,
24,LR,NB(G),Wilcoxon,Reject,LR,NB(G),Reject,LR,NB(G),FeatureEnvy,,,,,,
25,LR,NB(M),Wilcoxon,Reject,LR,NB(M),Reject,LR,NB(M),FeatureEnvy,,,,,,
26,LR,LDA,Wilcoxon,Reject,LR,LDA,Accept,,,FeatureEnvy,,,,,,
27,LR,KNN,Wilcoxon,Accept,,,Accept,,,FeatureEnvy,,,,,,
28,LR,Stack-LR,Wilcoxon,Reject,Stack-LR,LR,Reject,Stack-LR,LR,FeatureEnvy,,,,,,
29,LR,Stack-DT,Wilcoxon,Reject,Stack-DT,LR,Reject,Stack-DT,LR,FeatureEnvy,,,,,,
30,LR,Stack-SVM,Wilcoxon,Reject,Stack-SVM,LR,Reject,Stack-SVM,LR,FeatureEnvy,,,,,,
31,SVM(Lin),SVM(Poly),Wilcoxon,Reject,SVM(Lin),SVM(Poly),Reject,SVM(Lin),SVM(Poly),FeatureEnvy,,,,,,
32,SVM(Lin),SVM(Sig),Wilcoxon,Reject,SVM(Lin),SVM(Sig),Reject,SVM(Lin),SVM(Sig),FeatureEnvy,,,,,,
33,SVM(Lin),SVM(RBF),Wilcoxon,Reject,SVM(Lin),SVM(RBF),Reject,SVM(Lin),SVM(RBF),FeatureEnvy,,,,,,
34,SVM(Lin),MLP,Wilcoxon,Accept,,,Accept,,,FeatureEnvy,,,,,,
35,SVM(Lin),SGD,Wilcoxon,Reject,SVM(Lin),SGD,Reject,SVM(Lin),SGD,FeatureEnvy,,,,,,
36,SVM(Lin),GP,Wilcoxon,Reject,GP,SVM(Lin),Reject,GP,SVM(Lin),FeatureEnvy,,,,,,
37,SVM(Lin),NB(B),Wilcoxon,Reject,SVM(Lin),NB(B),Reject,SVM(Lin),NB(B),FeatureEnvy,,,,,,
38,SVM(Lin),NB(G),Wilcoxon,Reject,SVM(Lin),NB(G),Reject,SVM(Lin),NB(G),FeatureEnvy,,,,,,
39,SVM(Lin),NB(M),Wilcoxon,Reject,SVM(Lin),NB(M),Reject,SVM(Lin),NB(M),FeatureEnvy,,,,,,
40,SVM(Lin),LDA,Wilcoxon,Reject,SVM(Lin),LDA,Reject,SVM(Lin),LDA,FeatureEnvy,,,,,,
41,SVM(Lin),KNN,Wilcoxon,Reject,SVM(Lin),KNN,Reject,SVM(Lin),KNN,FeatureEnvy,,,,,,
42,SVM(Lin),Stack-LR,Wilcoxon,Reject,Stack-LR,SVM(Lin),Reject,Stack-LR,SVM(Lin),FeatureEnvy,,,,,,
43,SVM(Lin),Stack-DT,Wilcoxon,Reject,SVM(Lin),Stack-DT,Accept,,,FeatureEnvy,,,,,,
44,SVM(Lin),Stack-SVM,Wilcoxon,Accept,,,Accept,,,FeatureEnvy,,,,,,
45,SVM(Poly),SVM(Sig),Wilcoxon,Reject,SVM(Poly),SVM(Sig),Reject,SVM(Poly),SVM(Sig),FeatureEnvy,,,,,,
46,SVM(Poly),SVM(RBF),Wilcoxon,Reject,SVM(RBF),SVM(Poly),Accept,,,FeatureEnvy,,,,,,
47,SVM(Poly),MLP,Wilcoxon,Reject,MLP,SVM(Poly),Reject,MLP,SVM(Poly),FeatureEnvy,,,,,,
48,SVM(Poly),SGD,Wilcoxon,Reject,SVM(Poly),SGD,Reject,SVM(Poly),SGD,FeatureEnvy,,,,,,
49,SVM(Poly),GP,Wilcoxon,Reject,GP,SVM(Poly),Reject,GP,SVM(Poly),FeatureEnvy,,,,,,
50,SVM(Poly),NB(B),Wilcoxon,Reject,SVM(Poly),NB(B),Reject,SVM(Poly),NB(B),FeatureEnvy,,,,,,
51,SVM(Poly),NB(G),Wilcoxon,Reject,SVM(Poly),NB(G),Reject,SVM(Poly),NB(G),FeatureEnvy,,,,,,
52,SVM(Poly),NB(M),Wilcoxon,Reject,SVM(Poly),NB(M),Reject,SVM(Poly),NB(M),FeatureEnvy,,,,,,
53,SVM(Poly),LDA,Wilcoxon,Reject,SVM(Poly),LDA,Reject,SVM(Poly),LDA,FeatureEnvy,,,,,,
54,SVM(Poly),KNN,Wilcoxon,Reject,SVM(Poly),KNN,Accept,,,FeatureEnvy,,,,,,
55,SVM(Poly),Stack-LR,Wilcoxon,Reject,Stack-LR,SVM(Poly),Reject,Stack-LR,SVM(Poly),FeatureEnvy,,,,,,
56,SVM(Poly),Stack-DT,Wilcoxon,Accept,,,Accept,,,FeatureEnvy,,,,,,
57,SVM(Poly),Stack-SVM,Wilcoxon,Reject,Stack-SVM,SVM(Poly),Reject,Stack-SVM,SVM(Poly),FeatureEnvy,,,,,,
58,SVM(Sig),SVM(RBF),Wilcoxon,Reject,SVM(RBF),SVM(Sig),Reject,SVM(RBF),SVM(Sig),FeatureEnvy,,,,,,
59,SVM(Sig),MLP,Wilcoxon,Reject,MLP,SVM(Sig),Reject,MLP,SVM(Sig),FeatureEnvy,,,,,,
60,SVM(Sig),SGD,Wilcoxon,Reject,SVM(Sig),SGD,Reject,SVM(Sig),SGD,FeatureEnvy,,,,,,
61,SVM(Sig),GP,Wilcoxon,Reject,GP,SVM(Sig),Reject,GP,SVM(Sig),FeatureEnvy,,,,,,
62,SVM(Sig),NB(B),Wilcoxon,Reject,SVM(Sig),NB(B),Reject,SVM(Sig),NB(B),FeatureEnvy,,,,,,
63,SVM(Sig),NB(G),Wilcoxon,Reject,SVM(Sig),NB(G),Reject,SVM(Sig),NB(G),FeatureEnvy,,,,,,
64,SVM(Sig),NB(M),Wilcoxon,Reject,SVM(Sig),NB(M),Accept,,,FeatureEnvy,,,,,,
65,SVM(Sig),LDA,Wilcoxon,Accept,,,Accept,,,FeatureEnvy,,,,,,
66,SVM(Sig),KNN,Wilcoxon,Reject,KNN,SVM(Sig),Accept,,,FeatureEnvy,,,,,,
67,SVM(Sig),Stack-LR,Wilcoxon,Reject,Stack-LR,SVM(Sig),Reject,Stack-LR,SVM(Sig),FeatureEnvy,,,,,,
68,SVM(Sig),Stack-DT,Wilcoxon,Reject,Stack-DT,SVM(Sig),Reject,Stack-DT,SVM(Sig),FeatureEnvy,,,,,,
69,SVM(Sig),Stack-SVM,Wilcoxon,Reject,Stack-SVM,SVM(Sig),Reject,Stack-SVM,SVM(Sig),FeatureEnvy,,,,,,
70,SVM(RBF),MLP,Wilcoxon,Reject,MLP,SVM(RBF),Reject,MLP,SVM(RBF),FeatureEnvy,,,,,,
71,SVM(RBF),SGD,Wilcoxon,Reject,SVM(RBF),SGD,Reject,SVM(RBF),SGD,FeatureEnvy,,,,,,
72,SVM(RBF),GP,Wilcoxon,Reject,GP,SVM(RBF),Reject,GP,SVM(RBF),FeatureEnvy,,,,,,
73,SVM(RBF),NB(B),Wilcoxon,Reject,SVM(RBF),NB(B),Reject,SVM(RBF),NB(B),FeatureEnvy,,,,,,
74,SVM(RBF),NB(G),Wilcoxon,Reject,SVM(RBF),NB(G),Reject,SVM(RBF),NB(G),FeatureEnvy,,,,,,
75,SVM(RBF),NB(M),Wilcoxon,Reject,SVM(RBF),NB(M),Reject,SVM(RBF),NB(M),FeatureEnvy,,,,,,
76,SVM(RBF),LDA,Wilcoxon,Reject,SVM(RBF),LDA,Reject,SVM(RBF),LDA,FeatureEnvy,,,,,,
77,SVM(RBF),KNN,Wilcoxon,Reject,SVM(RBF),KNN,Reject,SVM(RBF),KNN,FeatureEnvy,,,,,,
78,SVM(RBF),Stack-LR,Wilcoxon,Reject,Stack-LR,SVM(RBF),Reject,Stack-LR,SVM(RBF),FeatureEnvy,,,,,,
79,SVM(RBF),Stack-DT,Wilcoxon,Accept,,,Accept,,,FeatureEnvy,,,,,,
80,SVM(RBF),Stack-SVM,Wilcoxon,Reject,Stack-SVM,SVM(RBF),Reject,Stack-SVM,SVM(RBF),FeatureEnvy,,,,,,
81,MLP,SGD,Wilcoxon,Reject,MLP,SGD,Reject,MLP,SGD,FeatureEnvy,,,,,,
82,MLP,GP,Wilcoxon,Reject,GP,MLP,Reject,GP,MLP,FeatureEnvy,,,,,,
83,MLP,NB(B),Wilcoxon,Reject,MLP,NB(B),Reject,MLP,NB(B),FeatureEnvy,,,,,,
84,MLP,NB(G),Wilcoxon,Reject,MLP,NB(G),Reject,MLP,NB(G),FeatureEnvy,,,,,,
85,MLP,NB(M),Wilcoxon,Reject,MLP,NB(M),Reject,MLP,NB(M),FeatureEnvy,,,,,,
86,MLP,LDA,Wilcoxon,Reject,MLP,LDA,Reject,MLP,LDA,FeatureEnvy,,,,,,
87,MLP,KNN,Wilcoxon,Reject,MLP,KNN,Reject,MLP,KNN,FeatureEnvy,,,,,,
88,MLP,Stack-LR,Wilcoxon,Reject,Stack-LR,MLP,Reject,Stack-LR,MLP,FeatureEnvy,,,,,,
89,MLP,Stack-DT,Wilcoxon,Reject,MLP,Stack-DT,Accept,,,FeatureEnvy,,,,,,
90,MLP,Stack-SVM,Wilcoxon,Accept,,,Accept,,,FeatureEnvy,,,,,,
91,SGD,GP,Wilcoxon,Reject,GP,SGD,Reject,GP,SGD,FeatureEnvy,,,,,,
92,SGD,NB(B),Wilcoxon,Reject,NB(B),SGD,Reject,NB(B),SGD,FeatureEnvy,,,,,,
93,SGD,NB(G),Wilcoxon,Reject,NB(G),SGD,Reject,NB(G),SGD,FeatureEnvy,,,,,,
94,SGD,NB(M),Wilcoxon,Reject,NB(M),SGD,Reject,NB(M),SGD,FeatureEnvy,,,,,,
95,SGD,LDA,Wilcoxon,Reject,LDA,SGD,Reject,LDA,SGD,FeatureEnvy,,,,,,
96,SGD,KNN,Wilcoxon,Reject,KNN,SGD,Reject,KNN,SGD,FeatureEnvy,,,,,,
97,SGD,Stack-LR,Wilcoxon,Reject,Stack-LR,SGD,Reject,Stack-LR,SGD,FeatureEnvy,,,,,,
98,SGD,Stack-DT,Wilcoxon,Reject,Stack-DT,SGD,Reject,Stack-DT,SGD,FeatureEnvy,,,,,,
99,SGD,Stack-SVM,Wilcoxon,Reject,Stack-SVM,SGD,Reject,Stack-SVM,SGD,FeatureEnvy,,,,,,
100,GP,NB(B),Wilcoxon,Reject,GP,NB(B),Reject,GP,NB(B),FeatureEnvy,,,,,,
101,GP,NB(G),Wilcoxon,Reject,GP,NB(G),Reject,GP,NB(G),FeatureEnvy,,,,,,
102,GP,NB(M),Wilcoxon,Reject,GP,NB(M),Reject,GP,NB(M),FeatureEnvy,,,,,,
103,GP,LDA,Wilcoxon,Reject,GP,LDA,Reject,GP,LDA,FeatureEnvy,,,,,,
104,GP,KNN,Wilcoxon,Reject,GP,KNN,Reject,GP,KNN,FeatureEnvy,,,,,,
105,GP,Stack-LR,Wilcoxon,Accept,,,Accept,,,FeatureEnvy,,,,,,
106,GP,Stack-DT,Wilcoxon,Reject,GP,Stack-DT,Reject,GP,Stack-DT,FeatureEnvy,,,,,,
107,GP,Stack-SVM,Wilcoxon,Reject,GP,Stack-SVM,Accept,,,FeatureEnvy,,,,,,
108,NB(B),NB(G),Wilcoxon,Accept,,,Accept,,,FeatureEnvy,,,,,,
109,NB(B),NB(M),Wilcoxon,Reject,NB(M),NB(B),Accept,,,FeatureEnvy,,,,,,
110,NB(B),LDA,Wilcoxon,Reject,LDA,NB(B),Reject,LDA,NB(B),FeatureEnvy,,,,,,
111,NB(B),KNN,Wilcoxon,Reject,KNN,NB(B),Reject,KNN,NB(B),FeatureEnvy,,,,,,
112,NB(B),Stack-LR,Wilcoxon,Reject,Stack-LR,NB(B),Reject,Stack-LR,NB(B),FeatureEnvy,,,,,,
113,NB(B),Stack-DT,Wilcoxon,Reject,Stack-DT,NB(B),Reject,Stack-DT,NB(B),FeatureEnvy,,,,,,
114,NB(B),Stack-SVM,Wilcoxon,Reject,Stack-SVM,NB(B),Reject,Stack-SVM,NB(B),FeatureEnvy,,,,,,
115,NB(G),NB(M),Wilcoxon,Reject,NB(M),NB(G),Accept,,,FeatureEnvy,,,,,,
116,NB(G),LDA,Wilcoxon,Reject,LDA,NB(G),Accept,,,FeatureEnvy,,,,,,
117,NB(G),KNN,Wilcoxon,Reject,KNN,NB(G),Reject,KNN,NB(G),FeatureEnvy,,,,,,
118,NB(G),Stack-LR,Wilcoxon,Reject,Stack-LR,NB(G),Reject,Stack-LR,NB(G),FeatureEnvy,,,,,,
119,NB(G),Stack-DT,Wilcoxon,Reject,Stack-DT,NB(G),Reject,Stack-DT,NB(G),FeatureEnvy,,,,,,
120,NB(G),Stack-SVM,Wilcoxon,Reject,Stack-SVM,NB(G),Reject,Stack-SVM,NB(G),FeatureEnvy,,,,,,
121,NB(M),LDA,Wilcoxon,Reject,LDA,NB(M),Accept,,,FeatureEnvy,,,,,,
122,NB(M),KNN,Wilcoxon,Reject,KNN,NB(M),Reject,KNN,NB(M),FeatureEnvy,,,,,,
123,NB(M),Stack-LR,Wilcoxon,Reject,Stack-LR,NB(M),Reject,Stack-LR,NB(M),FeatureEnvy,,,,,,
124,NB(M),Stack-DT,Wilcoxon,Reject,Stack-DT,NB(M),Reject,Stack-DT,NB(M),FeatureEnvy,,,,,,
125,NB(M),Stack-SVM,Wilcoxon,Reject,Stack-SVM,NB(M),Reject,Stack-SVM,NB(M),FeatureEnvy,,,,,,
126,LDA,KNN,Wilcoxon,Reject,KNN,LDA,Accept,,,FeatureEnvy,,,,,,
127,LDA,Stack-LR,Wilcoxon,Reject,Stack-LR,LDA,Reject,Stack-LR,LDA,FeatureEnvy,,,,,,
128,LDA,Stack-DT,Wilcoxon,Reject,Stack-DT,LDA,Reject,Stack-DT,LDA,FeatureEnvy,,,,,,
129,LDA,Stack-SVM,Wilcoxon,Reject,Stack-SVM,LDA,Reject,Stack-SVM,LDA,FeatureEnvy,,,,,,
130,KNN,Stack-LR,Wilcoxon,Reject,Stack-LR,KNN,Reject,Stack-LR,KNN,FeatureEnvy,,,,,,
131,KNN,Stack-DT,Wilcoxon,Reject,Stack-DT,KNN,Reject,Stack-DT,KNN,FeatureEnvy,,,,,,
132,KNN,Stack-SVM,Wilcoxon,Reject,Stack-SVM,KNN,Reject,Stack-SVM,KNN,FeatureEnvy,,,,,,
133,Stack-LR,Stack-DT,Wilcoxon,Reject,Stack-LR,Stack-DT,Reject,Stack-LR,Stack-DT,FeatureEnvy,,,,,,
134,Stack-LR,Stack-SVM,Wilcoxon,Reject,Stack-LR,Stack-SVM,Accept,,,FeatureEnvy,,,,,,
135,Stack-DT,Stack-SVM,Wilcoxon,Reject,Stack-SVM,Stack-DT,Accept,,,FeatureEnvy,,,,,,
0,DT,LR,Wilcoxon,Reject,DT,LR,Reject,DT,LR,LongMethod,,,,,,
1,DT,SVM(Lin),Wilcoxon,Reject,DT,SVM(Lin),Reject,DT,SVM(Lin),LongMethod,,,,,,
2,DT,SVM(Poly),Wilcoxon,Reject,DT,SVM(Poly),Reject,DT,SVM(Poly),LongMethod,,,,,,
3,DT,SVM(Sig),Wilcoxon,Reject,DT,SVM(Sig),Reject,DT,SVM(Sig),LongMethod,,,,,,
4,DT,SVM(RBF),Wilcoxon,Reject,DT,SVM(RBF),Reject,DT,SVM(RBF),LongMethod,,,,,,
5,DT,MLP,Wilcoxon,Reject,DT,MLP,Reject,DT,MLP,LongMethod,,,,,,
6,DT,SGD,Wilcoxon,Reject,DT,SGD,Reject,DT,SGD,LongMethod,,,,,,
7,DT,GP,Wilcoxon,Accept,,,Accept,,,LongMethod,,,,,,
8,DT,NB(B),Wilcoxon,Reject,DT,NB(B),Reject,DT,NB(B),LongMethod,,,,,,
9,DT,NB(G),Wilcoxon,Reject,DT,NB(G),Reject,DT,NB(G),LongMethod,,,,,,
10,DT,NB(M),Wilcoxon,Reject,DT,NB(M),Reject,DT,NB(M),LongMethod,,,,,,
11,DT,LDA,Wilcoxon,Reject,DT,LDA,Reject,DT,LDA,LongMethod,,,,,,
12,DT,KNN,Wilcoxon,Reject,DT,KNN,Reject,DT,KNN,LongMethod,,,,,,
13,DT,Stack-LR,Wilcoxon,Accept,,,Accept,,,LongMethod,,,,,,
14,DT,Stack-DT,Wilcoxon,Accept,,,Accept,,,LongMethod,,,,,,
15,DT,Stack-SVM,Wilcoxon,Accept,,,Accept,,,LongMethod,,,,,,
16,LR,SVM(Lin),Wilcoxon,Accept,,,Accept,,,LongMethod,,,,,,
17,LR,SVM(Poly),Wilcoxon,Accept,,,Accept,,,LongMethod,,,,,,
18,LR,SVM(Sig),Wilcoxon,Reject,LR,SVM(Sig),Reject,LR,SVM(Sig),LongMethod,,,,,,
19,LR,SVM(RBF),Wilcoxon,Reject,LR,SVM(RBF),Accept,,,LongMethod,,,,,,
20,LR,MLP,Wilcoxon,Accept,,,Accept,,,LongMethod,,,,,,
21,LR,SGD,Wilcoxon,Reject,LR,SGD,Reject,LR,SGD,LongMethod,,,,,,
22,LR,GP,Wilcoxon,Reject,GP,LR,Accept,,,LongMethod,,,,,,
23,LR,NB(B),Wilcoxon,Reject,LR,NB(B),Reject,LR,NB(B),LongMethod,,,,,,
24,LR,NB(G),Wilcoxon,Reject,LR,NB(G),Reject,LR,NB(G),LongMethod,,,,,,
25,LR,NB(M),Wilcoxon,Reject,LR,NB(M),Reject,LR,NB(M),LongMethod,,,,,,
26,LR,LDA,Wilcoxon,Reject,LR,LDA,Reject,LR,LDA,LongMethod,,,,,,
27,LR,KNN,Wilcoxon,Reject,LR,KNN,Reject,LR,KNN,LongMethod,,,,,,
28,LR,Stack-LR,Wilcoxon,Reject,Stack-LR,LR,Reject,Stack-LR,LR,LongMethod,,,,,,
29,LR,Stack-DT,Wilcoxon,Reject,Stack-DT,LR,Accept,,,LongMethod,,,,,,
30,LR,Stack-SVM,Wilcoxon,Reject,Stack-SVM,LR,Reject,Stack-SVM,LR,LongMethod,,,,,,
31,SVM(Lin),SVM(Poly),Wilcoxon,Accept,,,Accept,,,LongMethod,,,,,,
32,SVM(Lin),SVM(Sig),Wilcoxon,Reject,SVM(Lin),SVM(Sig),Reject,SVM(Lin),SVM(Sig),LongMethod,,,,,,
33,SVM(Lin),SVM(RBF),Wilcoxon,Reject,SVM(Lin),SVM(RBF),Accept,,,LongMethod,,,,,,
34,SVM(Lin),MLP,Wilcoxon,Accept,,,Accept,,,LongMethod,,,,,,
35,SVM(Lin),SGD,Wilcoxon,Reject,SVM(Lin),SGD,Reject,SVM(Lin),SGD,LongMethod,,,,,,
36,SVM(Lin),GP,Wilcoxon,Reject,GP,SVM(Lin),Accept,,,LongMethod,,,,,,
37,SVM(Lin),NB(B),Wilcoxon,Reject,SVM(Lin),NB(B),Reject,SVM(Lin),NB(B),LongMethod,,,,,,
38,SVM(Lin),NB(G),Wilcoxon,Reject,SVM(Lin),NB(G),Reject,SVM(Lin),NB(G),LongMethod,,,,,,
39,SVM(Lin),NB(M),Wilcoxon,Reject,SVM(Lin),NB(M),Reject,SVM(Lin),NB(M),LongMethod,,,,,,
40,SVM(Lin),LDA,Wilcoxon,Reject,SVM(Lin),LDA,Reject,SVM(Lin),LDA,LongMethod,,,,,,
41,SVM(Lin),KNN,Wilcoxon,Reject,SVM(Lin),KNN,Reject,SVM(Lin),KNN,LongMethod,,,,,,
42,SVM(Lin),Stack-LR,Wilcoxon,Reject,Stack-LR,SVM(Lin),Reject,Stack-LR,SVM(Lin),LongMethod,,,,,,
43,SVM(Lin),Stack-DT,Wilcoxon,Reject,Stack-DT,SVM(Lin),Accept,,,LongMethod,,,,,,
44,SVM(Lin),Stack-SVM,Wilcoxon,Reject,Stack-SVM,SVM(Lin),Reject,Stack-SVM,SVM(Lin),LongMethod,,,,,,
45,SVM(Poly),SVM(Sig),Wilcoxon,Reject,SVM(Poly),SVM(Sig),Reject,SVM(Poly),SVM(Sig),LongMethod,,,,,,
46,SVM(Poly),SVM(RBF),Wilcoxon,Accept,,,Accept,,,LongMethod,,,,,,
47,SVM(Poly),MLP,Wilcoxon,Reject,MLP,SVM(Poly),Accept,,,LongMethod,,,,,,
48,SVM(Poly),SGD,Wilcoxon,Reject,SVM(Poly),SGD,Reject,SVM(Poly),SGD,LongMethod,,,,,,
49,SVM(Poly),GP,Wilcoxon,Reject,GP,SVM(Poly),Reject,GP,SVM(Poly),LongMethod,,,,,,
50,SVM(Poly),NB(B),Wilcoxon,Reject,SVM(Poly),NB(B),Reject,SVM(Poly),NB(B),LongMethod,,,,,,
51,SVM(Poly),NB(G),Wilcoxon,Reject,SVM(Poly),NB(G),Reject,SVM(Poly),NB(G),LongMethod,,,,,,
52,SVM(Poly),NB(M),Wilcoxon,Reject,SVM(Poly),NB(M),Reject,SVM(Poly),NB(M),LongMethod,,,,,,
53,SVM(Poly),LDA,Wilcoxon,Reject,SVM(Poly),LDA,Accept,,,LongMethod,,,,,,
54,SVM(Poly),KNN,Wilcoxon,Reject,SVM(Poly),KNN,Reject,SVM(Poly),KNN,LongMethod,,,,,,
55,SVM(Poly),Stack-LR,Wilcoxon,Reject,Stack-LR,SVM(Poly),Reject,Stack-LR,SVM(Poly),LongMethod,,,,,,
56,SVM(Poly),Stack-DT,Wilcoxon,Reject,Stack-DT,SVM(Poly),Reject,Stack-DT,SVM(Poly),LongMethod,,,,,,
57,SVM(Poly),Stack-SVM,Wilcoxon,Reject,Stack-SVM,SVM(Poly),Reject,Stack-SVM,SVM(Poly),LongMethod,,,,,,
58,SVM(Sig),SVM(RBF),Wilcoxon,Reject,SVM(RBF),SVM(Sig),Reject,SVM(RBF),SVM(Sig),LongMethod,,,,,,
59,SVM(Sig),MLP,Wilcoxon,Reject,MLP,SVM(Sig),Reject,MLP,SVM(Sig),LongMethod,,,,,,
60,SVM(Sig),SGD,Wilcoxon,Reject,SVM(Sig),SGD,Accept,,,LongMethod,,,,,,
61,SVM(Sig),GP,Wilcoxon,Reject,GP,SVM(Sig),Reject,GP,SVM(Sig),LongMethod,,,,,,
62,SVM(Sig),NB(B),Wilcoxon,Reject,SVM(Sig),NB(B),Reject,SVM(Sig),NB(B),LongMethod,,,,,,
63,SVM(Sig),NB(G),Wilcoxon,Reject,NB(G),SVM(Sig),Reject,NB(G),SVM(Sig),LongMethod,,,,,,
64,SVM(Sig),NB(M),Wilcoxon,Reject,SVM(Sig),NB(M),Accept,,,LongMethod,,,,,,
65,SVM(Sig),LDA,Wilcoxon,Reject,LDA,SVM(Sig),Reject,LDA,SVM(Sig),LongMethod,,,,,,
66,SVM(Sig),KNN,Wilcoxon,Reject,KNN,SVM(Sig),Reject,KNN,SVM(Sig),LongMethod,,,,,,
67,SVM(Sig),Stack-LR,Wilcoxon,Reject,Stack-LR,SVM(Sig),Reject,Stack-LR,SVM(Sig),LongMethod,,,,,,
68,SVM(Sig),Stack-DT,Wilcoxon,Reject,Stack-DT,SVM(Sig),Reject,Stack-DT,SVM(Sig),LongMethod,,,,,,
69,SVM(Sig),Stack-SVM,Wilcoxon,Reject,Stack-SVM,SVM(Sig),Reject,Stack-SVM,SVM(Sig),LongMethod,,,,,,
70,SVM(RBF),MLP,Wilcoxon,Reject,MLP,SVM(RBF),Reject,MLP,SVM(RBF),LongMethod,,,,,,
71,SVM(RBF),SGD,Wilcoxon,Reject,SVM(RBF),SGD,Reject,SVM(RBF),SGD,LongMethod,,,,,,
72,SVM(RBF),GP,Wilcoxon,Reject,GP,SVM(RBF),Reject,GP,SVM(RBF),LongMethod,,,,,,
73,SVM(RBF),NB(B),Wilcoxon,Reject,SVM(RBF),NB(B),Reject,SVM(RBF),NB(B),LongMethod,,,,,,
74,SVM(RBF),NB(G),Wilcoxon,Reject,SVM(RBF),NB(G),Reject,SVM(RBF),NB(G),LongMethod,,,,,,
75,SVM(RBF),NB(M),Wilcoxon,Reject,SVM(RBF),NB(M),Reject,SVM(RBF),NB(M),LongMethod,,,,,,
76,SVM(RBF),LDA,Wilcoxon,Reject,SVM(RBF),LDA,Accept,,,LongMethod,,,,,,
77,SVM(RBF),KNN,Wilcoxon,Reject,SVM(RBF),KNN,Accept,,,LongMethod,,,,,,
78,SVM(RBF),Stack-LR,Wilcoxon,Reject,Stack-LR,SVM(RBF),Reject,Stack-LR,SVM(RBF),LongMethod,,,,,,
79,SVM(RBF),Stack-DT,Wilcoxon,Reject,Stack-DT,SVM(RBF),Reject,Stack-DT,SVM(RBF),LongMethod,,,,,,
80,SVM(RBF),Stack-SVM,Wilcoxon,Reject,Stack-SVM,SVM(RBF),Reject,Stack-SVM,SVM(RBF),LongMethod,,,,,,
81,MLP,SGD,Wilcoxon,Reject,MLP,SGD,Reject,MLP,SGD,LongMethod,,,,,,
82,MLP,GP,Wilcoxon,Reject,GP,MLP,Accept,,,LongMethod,,,,,,
83,MLP,NB(B),Wilcoxon,Reject,MLP,NB(B),Reject,MLP,NB(B),LongMethod,,,,,,
84,MLP,NB(G),Wilcoxon,Reject,MLP,NB(G),Reject,MLP,NB(G),LongMethod,,,,,,
85,MLP,NB(M),Wilcoxon,Reject,MLP,NB(M),Reject,MLP,NB(M),LongMethod,,,,,,
86,MLP,LDA,Wilcoxon,Reject,MLP,LDA,Reject,MLP,LDA,LongMethod,,,,,,
87,MLP,KNN,Wilcoxon,Reject,MLP,KNN,Reject,MLP,KNN,LongMethod,,,,,,
88,MLP,Stack-LR,Wilcoxon,Reject,Stack-LR,MLP,Reject,Stack-LR,MLP,LongMethod,,,,,,
89,MLP,Stack-DT,Wilcoxon,Reject,Stack-DT,MLP,Accept,,,LongMethod,,,,,,
90,MLP,Stack-SVM,Wilcoxon,Reject,Stack-SVM,MLP,Reject,Stack-SVM,MLP,LongMethod,,,,,,
91,SGD,GP,Wilcoxon,Reject,GP,SGD,Reject,GP,SGD,LongMethod,,,,,,
92,SGD,NB(B),Wilcoxon,Reject,SGD,NB(B),Reject,SGD,NB(B),LongMethod,,,,,,
93,SGD,NB(G),Wilcoxon,Reject,NB(G),SGD,Reject,NB(G),SGD,LongMethod,,,,,,
94,SGD,NB(M),Wilcoxon,Accept,,,Accept,,,LongMethod,,,,,,
95,SGD,LDA,Wilcoxon,Reject,LDA,SGD,Reject,LDA,SGD,LongMethod,,,,,,
96,SGD,KNN,Wilcoxon,Reject,KNN,SGD,Reject,KNN,SGD,LongMethod,,,,,,
97,SGD,Stack-LR,Wilcoxon,Reject,Stack-LR,SGD,Reject,Stack-LR,SGD,LongMethod,,,,,,
98,SGD,Stack-DT,Wilcoxon,Reject,Stack-DT,SGD,Reject,Stack-DT,SGD,LongMethod,,,,,,
99,SGD,Stack-SVM,Wilcoxon,Reject,Stack-SVM,SGD,Reject,Stack-SVM,SGD,LongMethod,,,,,,
100,GP,NB(B),Wilcoxon,Reject,GP,NB(B),Reject,GP,NB(B),LongMethod,,,,,,
101,GP,NB(G),Wilcoxon,Reject,GP,NB(G),Reject,GP,NB(G),LongMethod,,,,,,
102,GP,NB(M),Wilcoxon,Reject,GP,NB(M),Reject,GP,NB(M),LongMethod,,,,,,
103,GP,LDA,Wilcoxon,Reject,GP,LDA,Reject,GP,LDA,LongMethod,,,,,,
104,GP,KNN,Wilcoxon,Reject,GP,KNN,Reject,GP,KNN,LongMethod,,,,,,
105,GP,Stack-LR,Wilcoxon,Reject,Stack-LR,GP,Accept,,,LongMethod,,,,,,
106,GP,Stack-DT,Wilcoxon,Accept,,,Accept,,,LongMethod,,,,,,
107,GP,Stack-SVM,Wilcoxon,Reject,Stack-SVM,GP,Accept,,,LongMethod,,,,,,
108,NB(B),NB(G),Wilcoxon,Reject,NB(G),NB(B),Reject,NB(G),NB(B),LongMethod,,,,,,
109,NB(B),NB(M),Wilcoxon,Reject,NB(M),NB(B),Reject,NB(M),NB(B),LongMethod,,,,,,
110,NB(B),LDA,Wilcoxon,Reject,LDA,NB(B),Reject,LDA,NB(B),LongMethod,,,,,,
111,NB(B),KNN,Wilcoxon,Reject,KNN,NB(B),Reject,KNN,NB(B),LongMethod,,,,,,
112,NB(B),Stack-LR,Wilcoxon,Reject,Stack-LR,NB(B),Reject,Stack-LR,NB(B),LongMethod,,,,,,
113,NB(B),Stack-DT,Wilcoxon,Reject,Stack-DT,NB(B),Reject,Stack-DT,NB(B),LongMethod,,,,,,
114,NB(B),Stack-SVM,Wilcoxon,Reject,Stack-SVM,NB(B),Reject,Stack-SVM,NB(B),LongMethod,,,,,,
115,NB(G),NB(M),Wilcoxon,Reject,NB(G),NB(M),Reject,NB(G),NB(M),LongMethod,,,,,,
116,NB(G),LDA,Wilcoxon,Reject,LDA,NB(G),Accept,,,LongMethod,,,,,,
117,NB(G),KNN,Wilcoxon,Reject,KNN,NB(G),Accept,,,LongMethod,,,,,,
118,NB(G),Stack-LR,Wilcoxon,Reject,Stack-LR,NB(G),Reject,Stack-LR,NB(G),LongMethod,,,,,,
119,NB(G),Stack-DT,Wilcoxon,Reject,Stack-DT,NB(G),Reject,Stack-DT,NB(G),LongMethod,,,,,,
120,NB(G),Stack-SVM,Wilcoxon,Reject,Stack-SVM,NB(G),Reject,Stack-SVM,NB(G),LongMethod,,,,,,
121,NB(M),LDA,Wilcoxon,Reject,LDA,NB(M),Reject,LDA,NB(M),LongMethod,,,,,,
122,NB(M),KNN,Wilcoxon,Reject,KNN,NB(M),Reject,KNN,NB(M),LongMethod,,,,,,
123,NB(M),Stack-LR,Wilcoxon,Reject,Stack-LR,NB(M),Reject,Stack-LR,NB(M),LongMethod,,,,,,
124,NB(M),Stack-DT,Wilcoxon,Reject,Stack-DT,NB(M),Reject,Stack-DT,NB(M),LongMethod,,,,,,
125,NB(M),Stack-SVM,Wilcoxon,Reject,Stack-SVM,NB(M),Reject,Stack-SVM,NB(M),LongMethod,,,,,,
126,LDA,KNN,Wilcoxon,Accept,,,Accept,,,LongMethod,,,,,,
127,LDA,Stack-LR,Wilcoxon,Reject,Stack-LR,LDA,Reject,Stack-LR,LDA,LongMethod,,,,,,
128,LDA,Stack-DT,Wilcoxon,Reject,Stack-DT,LDA,Reject,Stack-DT,LDA,LongMethod,,,,,,
129,LDA,Stack-SVM,Wilcoxon,Reject,Stack-SVM,LDA,Reject,Stack-SVM,LDA,LongMethod,,,,,,
130,KNN,Stack-LR,Wilcoxon,Reject,Stack-LR,KNN,Reject,Stack-LR,KNN,LongMethod,,,,,,
131,KNN,Stack-DT,Wilcoxon,Reject,Stack-DT,KNN,Reject,Stack-DT,KNN,LongMethod,,,,,,
132,KNN,Stack-SVM,Wilcoxon,Reject,Stack-SVM,KNN,Reject,Stack-SVM,KNN,LongMethod,,,,,,
133,Stack-LR,Stack-DT,Wilcoxon,Accept,,,Accept,,,LongMethod,,,,,,
134,Stack-LR,Stack-SVM,Wilcoxon,Accept,,,Accept,,,LongMethod,,,,,,
135,Stack-DT,Stack-SVM,Wilcoxon,Accept,,,Accept,,,LongMethod,,,,,,
0,DT,LR,Wilcoxon,Reject,DT,LR,Reject,DT,LR,LongParameterList,,,,,,
1,DT,SVM(Lin),Wilcoxon,Accept,,,Accept,,,LongParameterList,,,,,,
2,DT,SVM(Poly),Wilcoxon,Reject,DT,SVM(Poly),Accept,,,LongParameterList,,,,,,
3,DT,SVM(Sig),Wilcoxon,Reject,DT,SVM(Sig),Reject,DT,SVM(Sig),LongParameterList,,,,,,
4,DT,SVM(RBF),Wilcoxon,Reject,DT,SVM(RBF),Reject,DT,SVM(RBF),LongParameterList,,,,,,
5,DT,MLP,Wilcoxon,Reject,DT,MLP,Accept,,,LongParameterList,,,,,,
6,DT,SGD,Wilcoxon,Reject,DT,SGD,Reject,DT,SGD,LongParameterList,,,,,,
7,DT,GP,Wilcoxon,Reject,GP,DT,Reject,GP,DT,LongParameterList,,,,,,
8,DT,NB(B),Wilcoxon,Reject,DT,NB(B),Reject,DT,NB(B),LongParameterList,,,,,,
9,DT,NB(G),Wilcoxon,Reject,DT,NB(G),Reject,DT,NB(G),LongParameterList,,,,,,
10,DT,NB(M),Wilcoxon,Reject,DT,NB(M),Reject,DT,NB(M),LongParameterList,,,,,,
11,DT,LDA,Wilcoxon,Reject,DT,LDA,Accept,,,LongParameterList,,,,,,
12,DT,KNN,Wilcoxon,Reject,DT,KNN,Reject,DT,KNN,LongParameterList,,,,,,
13,DT,Stack-LR,Wilcoxon,Reject,Stack-LR,DT,Reject,Stack-LR,DT,LongParameterList,,,,,,
14,DT,Stack-DT,Wilcoxon,Reject,DT,Stack-DT,Accept,,,LongParameterList,,,,,,
15,DT,Stack-SVM,Wilcoxon,Reject,Stack-SVM,DT,Reject,Stack-SVM,DT,LongParameterList,,,,,,
16,LR,SVM(Lin),Wilcoxon,Reject,SVM(Lin),LR,Reject,SVM(Lin),LR,LongParameterList,,,,,,
17,LR,SVM(Poly),Wilcoxon,Reject,SVM(Poly),LR,Accept,,,LongParameterList,,,,,,
18,LR,SVM(Sig),Wilcoxon,Reject,LR,SVM(Sig),Reject,LR,SVM(Sig),LongParameterList,,,,,,
19,LR,SVM(RBF),Wilcoxon,Accept,,,Accept,,,LongParameterList,,,,,,
20,LR,MLP,Wilcoxon,Reject,MLP,LR,Accept,,,LongParameterList,,,,,,
21,LR,SGD,Wilcoxon,Reject,LR,SGD,Reject,LR,SGD,LongParameterList,,,,,,
22,LR,GP,Wilcoxon,Reject,GP,LR,Reject,GP,LR,LongParameterList,,,,,,
23,LR,NB(B),Wilcoxon,Reject,LR,NB(B),Reject,LR,NB(B),LongParameterList,,,,,,
24,LR,NB(G),Wilcoxon,Reject,LR,NB(G),Reject,LR,NB(G),LongParameterList,,,,,,
25,LR,NB(M),Wilcoxon,Reject,LR,NB(M),Reject,LR,NB(M),LongParameterList,,,,,,
26,LR,LDA,Wilcoxon,Reject,LDA,LR,Accept,,,LongParameterList,,,,,,
27,LR,KNN,Wilcoxon,Reject,LR,KNN,Reject,LR,KNN,LongParameterList,,,,,,
28,LR,Stack-LR,Wilcoxon,Reject,Stack-LR,LR,Reject,Stack-LR,LR,LongParameterList,,,,,,
29,LR,Stack-DT,Wilcoxon,Accept,,,Accept,,,LongParameterList,,,,,,
30,LR,Stack-SVM,Wilcoxon,Reject,Stack-SVM,LR,Reject,Stack-SVM,LR,LongParameterList,,,,,,
31,SVM(Lin),SVM(Poly),Wilcoxon,Accept,,,Accept,,,LongParameterList,,,,,,
32,SVM(Lin),SVM(Sig),Wilcoxon,Reject,SVM(Lin),SVM(Sig),Reject,SVM(Lin),SVM(Sig),LongParameterList,,,,,,
33,SVM(Lin),SVM(RBF),Wilcoxon,Reject,SVM(Lin),SVM(RBF),Accept,,,LongParameterList,,,,,,
34,SVM(Lin),MLP,Wilcoxon,Accept,,,Accept,,,LongParameterList,,,,,,
35,SVM(Lin),SGD,Wilcoxon,Reject,SVM(Lin),SGD,Reject,SVM(Lin),SGD,LongParameterList,,,,,,
36,SVM(Lin),GP,Wilcoxon,Reject,GP,SVM(Lin),Reject,GP,SVM(Lin),LongParameterList,,,,,,
37,SVM(Lin),NB(B),Wilcoxon,Reject,SVM(Lin),NB(B),Reject,SVM(Lin),NB(B),LongParameterList,,,,,,
38,SVM(Lin),NB(G),Wilcoxon,Reject,SVM(Lin),NB(G),Reject,SVM(Lin),NB(G),LongParameterList,,,,,,
39,SVM(Lin),NB(M),Wilcoxon,Reject,SVM(Lin),NB(M),Reject,SVM(Lin),NB(M),LongParameterList,,,,,,
40,SVM(Lin),LDA,Wilcoxon,Reject,SVM(Lin),LDA,Accept,,,LongParameterList,,,,,,
41,SVM(Lin),KNN,Wilcoxon,Reject,SVM(Lin),KNN,Reject,SVM(Lin),KNN,LongParameterList,,,,,,
42,SVM(Lin),Stack-LR,Wilcoxon,Reject,Stack-LR,SVM(Lin),Reject,Stack-LR,SVM(Lin),LongParameterList,,,,,,
43,SVM(Lin),Stack-DT,Wilcoxon,Reject,SVM(Lin),Stack-DT,Accept,,,LongParameterList,,,,,,
44,SVM(Lin),Stack-SVM,Wilcoxon,Reject,Stack-SVM,SVM(Lin),Reject,Stack-SVM,SVM(Lin),LongParameterList,,,,,,
45,SVM(Poly),SVM(Sig),Wilcoxon,Reject,SVM(Poly),SVM(Sig),Reject,SVM(Poly),SVM(Sig),LongParameterList,,,,,,
46,SVM(Poly),SVM(RBF),Wilcoxon,Reject,SVM(Poly),SVM(RBF),Accept,,,LongParameterList,,,,,,
47,SVM(Poly),MLP,Wilcoxon,Accept,,,Accept,,,LongParameterList,,,,,,
48,SVM(Poly),SGD,Wilcoxon,Reject,SVM(Poly),SGD,Reject,SVM(Poly),SGD,LongParameterList,,,,,,
49,SVM(Poly),GP,Wilcoxon,Reject,GP,SVM(Poly),Reject,GP,SVM(Poly),LongParameterList,,,,,,
50,SVM(Poly),NB(B),Wilcoxon,Reject,SVM(Poly),NB(B),Reject,SVM(Poly),NB(B),LongParameterList,,,,,,
51,SVM(Poly),NB(G),Wilcoxon,Reject,SVM(Poly),NB(G),Reject,SVM(Poly),NB(G),LongParameterList,,,,,,
52,SVM(Poly),NB(M),Wilcoxon,Reject,SVM(Poly),NB(M),Reject,SVM(Poly),NB(M),LongParameterList,,,,,,
53,SVM(Poly),LDA,Wilcoxon,Accept,,,Accept,,,LongParameterList,,,,,,
54,SVM(Poly),KNN,Wilcoxon,Reject,SVM(Poly),KNN,Reject,SVM(Poly),KNN,LongParameterList,,,,,,
55,SVM(Poly),Stack-LR,Wilcoxon,Reject,Stack-LR,SVM(Poly),Reject,Stack-LR,SVM(Poly),LongParameterList,,,,,,
56,SVM(Poly),Stack-DT,Wilcoxon,Accept,,,Accept,,,LongParameterList,,,,,,
57,SVM(Poly),Stack-SVM,Wilcoxon,Reject,Stack-SVM,SVM(Poly),Reject,Stack-SVM,SVM(Poly),LongParameterList,,,,,,
58,SVM(Sig),SVM(RBF),Wilcoxon,Reject,SVM(RBF),SVM(Sig),Reject,SVM(RBF),SVM(Sig),LongParameterList,,,,,,
59,SVM(Sig),MLP,Wilcoxon,Reject,MLP,SVM(Sig),Reject,MLP,SVM(Sig),LongParameterList,,,,,,
60,SVM(Sig),SGD,Wilcoxon,Reject,SGD,SVM(Sig),Reject,SGD,SVM(Sig),LongParameterList,,,,,,
61,SVM(Sig),GP,Wilcoxon,Reject,GP,SVM(Sig),Reject,GP,SVM(Sig),LongParameterList,,,,,,
62,SVM(Sig),NB(B),Wilcoxon,Accept,,,Accept,,,LongParameterList,,,,,,
63,SVM(Sig),NB(G),Wilcoxon,Reject,NB(G),SVM(Sig),Reject,NB(G),SVM(Sig),LongParameterList,,,,,,
64,SVM(Sig),NB(M),Wilcoxon,Reject,NB(M),SVM(Sig),Reject,NB(M),SVM(Sig),LongParameterList,,,,,,
65,SVM(Sig),LDA,Wilcoxon,Reject,LDA,SVM(Sig),Reject,LDA,SVM(Sig),LongParameterList,,,,,,
66,SVM(Sig),KNN,Wilcoxon,Reject,KNN,SVM(Sig),Reject,KNN,SVM(Sig),LongParameterList,,,,,,
67,SVM(Sig),Stack-LR,Wilcoxon,Reject,Stack-LR,SVM(Sig),Reject,Stack-LR,SVM(Sig),LongParameterList,,,,,,
68,SVM(Sig),Stack-DT,Wilcoxon,Reject,Stack-DT,SVM(Sig),Reject,Stack-DT,SVM(Sig),LongParameterList,,,,,,
69,SVM(Sig),Stack-SVM,Wilcoxon,Reject,Stack-SVM,SVM(Sig),Reject,Stack-SVM,SVM(Sig),LongParameterList,,,,,,
70,SVM(RBF),MLP,Wilcoxon,Reject,MLP,SVM(RBF),Accept,,,LongParameterList,,,,,,
71,SVM(RBF),SGD,Wilcoxon,Reject,SVM(RBF),SGD,Reject,SVM(RBF),SGD,LongParameterList,,,,,,
72,SVM(RBF),GP,Wilcoxon,Reject,GP,SVM(RBF),Reject,GP,SVM(RBF),LongParameterList,,,,,,
73,SVM(RBF),NB(B),Wilcoxon,Reject,SVM(RBF),NB(B),Reject,SVM(RBF),NB(B),LongParameterList,,,,,,
74,SVM(RBF),NB(G),Wilcoxon,Reject,SVM(RBF),NB(G),Reject,SVM(RBF),NB(G),LongParameterList,,,,,,
75,SVM(RBF),NB(M),Wilcoxon,Reject,SVM(RBF),NB(M),Reject,SVM(RBF),NB(M),LongParameterList,,,,,,
76,SVM(RBF),LDA,Wilcoxon,Accept,,,Accept,,,LongParameterList,,,,,,
77,SVM(RBF),KNN,Wilcoxon,Reject,SVM(RBF),KNN,Reject,SVM(RBF),KNN,LongParameterList,,,,,,
78,SVM(RBF),Stack-LR,Wilcoxon,Reject,Stack-LR,SVM(RBF),Reject,Stack-LR,SVM(RBF),LongParameterList,,,,,,
79,SVM(RBF),Stack-DT,Wilcoxon,Accept,,,Accept,,,LongParameterList,,,,,,
80,SVM(RBF),Stack-SVM,Wilcoxon,Reject,Stack-SVM,SVM(RBF),Reject,Stack-SVM,SVM(RBF),LongParameterList,,,,,,
81,MLP,SGD,Wilcoxon,Reject,MLP,SGD,Reject,MLP,SGD,LongParameterList,,,,,,
82,MLP,GP,Wilcoxon,Reject,GP,MLP,Reject,GP,MLP,LongParameterList,,,,,,
83,MLP,NB(B),Wilcoxon,Reject,MLP,NB(B),Reject,MLP,NB(B),LongParameterList,,,,,,
84,MLP,NB(G),Wilcoxon,Reject,MLP,NB(G),Reject,MLP,NB(G),LongParameterList,,,,,,
85,MLP,NB(M),Wilcoxon,Reject,MLP,NB(M),Reject,MLP,NB(M),LongParameterList,,,,,,
86,MLP,LDA,Wilcoxon,Accept,,,Accept,,,LongParameterList,,,,,,
87,MLP,KNN,Wilcoxon,Reject,MLP,KNN,Reject,MLP,KNN,LongParameterList,,,,,,
88,MLP,Stack-LR,Wilcoxon,Reject,Stack-LR,MLP,Reject,Stack-LR,MLP,LongParameterList,,,,,,
89,MLP,Stack-DT,Wilcoxon,Accept,,,Accept,,,LongParameterList,,,,,,
90,MLP,Stack-SVM,Wilcoxon,Reject,Stack-SVM,MLP,Reject,Stack-SVM,MLP,LongParameterList,,,,,,
91,SGD,GP,Wilcoxon,Reject,GP,SGD,Reject,GP,SGD,LongParameterList,,,,,,
92,SGD,NB(B),Wilcoxon,Reject,SGD,NB(B),Reject,SGD,NB(B),LongParameterList,,,,,,
93,SGD,NB(G),Wilcoxon,Reject,NB(G),SGD,Reject,NB(G),SGD,LongParameterList,,,,,,
94,SGD,NB(M),Wilcoxon,Reject,NB(M),SGD,Accept,,,LongParameterList,,,,,,
95,SGD,LDA,Wilcoxon,Reject,LDA,SGD,Reject,LDA,SGD,LongParameterList,,,,,,
96,SGD,KNN,Wilcoxon,Reject,KNN,SGD,Reject,KNN,SGD,LongParameterList,,,,,,
97,SGD,Stack-LR,Wilcoxon,Reject,Stack-LR,SGD,Reject,Stack-LR,SGD,LongParameterList,,,,,,
98,SGD,Stack-DT,Wilcoxon,Reject,Stack-DT,SGD,Reject,Stack-DT,SGD,LongParameterList,,,,,,
99,SGD,Stack-SVM,Wilcoxon,Reject,Stack-SVM,SGD,Reject,Stack-SVM,SGD,LongParameterList,,,,,,
100,GP,NB(B),Wilcoxon,Reject,GP,NB(B),Reject,GP,NB(B),LongParameterList,,,,,,
101,GP,NB(G),Wilcoxon,Reject,GP,NB(G),Reject,GP,NB(G),LongParameterList,,,,,,
102,GP,NB(M),Wilcoxon,Reject,GP,NB(M),Reject,GP,NB(M),LongParameterList,,,,,,
103,GP,LDA,Wilcoxon,Reject,GP,LDA,Reject,GP,LDA,LongParameterList,,,,,,
104,GP,KNN,Wilcoxon,Reject,GP,KNN,Reject,GP,KNN,LongParameterList,,,,,,
105,GP,Stack-LR,Wilcoxon,Accept,,,Accept,,,LongParameterList,,,,,,
106,GP,Stack-DT,Wilcoxon,Reject,GP,Stack-DT,Reject,GP,Stack-DT,LongParameterList,,,,,,
107,GP,Stack-SVM,Wilcoxon,Accept,,,Accept,,,LongParameterList,,,,,,
108,NB(B),NB(G),Wilcoxon,Reject,NB(G),NB(B),Reject,NB(G),NB(B),LongParameterList,,,,,,
109,NB(B),NB(M),Wilcoxon,Reject,NB(M),NB(B),Reject,NB(M),NB(B),LongParameterList,,,,,,
110,NB(B),LDA,Wilcoxon,Reject,LDA,NB(B),Reject,LDA,NB(B),LongParameterList,,,,,,
111,NB(B),KNN,Wilcoxon,Reject,KNN,NB(B),Reject,KNN,NB(B),LongParameterList,,,,,,
112,NB(B),Stack-LR,Wilcoxon,Reject,Stack-LR,NB(B),Reject,Stack-LR,NB(B),LongParameterList,,,,,,
113,NB(B),Stack-DT,Wilcoxon,Reject,Stack-DT,NB(B),Reject,Stack-DT,NB(B),LongParameterList,,,,,,
114,NB(B),Stack-SVM,Wilcoxon,Reject,Stack-SVM,NB(B),Reject,Stack-SVM,NB(B),LongParameterList,,,,,,
115,NB(G),NB(M),Wilcoxon,Reject,NB(G),NB(M),Reject,NB(G),NB(M),LongParameterList,,,,,,
116,NB(G),LDA,Wilcoxon,Reject,LDA,NB(G),Reject,LDA,NB(G),LongParameterList,,,,,,
117,NB(G),KNN,Wilcoxon,Reject,NB(G),KNN,Accept,,,LongParameterList,,,,,,
118,NB(G),Stack-LR,Wilcoxon,Reject,Stack-LR,NB(G),Reject,Stack-LR,NB(G),LongParameterList,,,,,,
119,NB(G),Stack-DT,Wilcoxon,Reject,Stack-DT,NB(G),Reject,Stack-DT,NB(G),LongParameterList,,,,,,
120,NB(G),Stack-SVM,Wilcoxon,Reject,Stack-SVM,NB(G),Reject,Stack-SVM,NB(G),LongParameterList,,,,,,
121,NB(M),LDA,Wilcoxon,Reject,LDA,NB(M),Reject,LDA,NB(M),LongParameterList,,,,,,
122,NB(M),KNN,Wilcoxon,Reject,KNN,NB(M),Reject,KNN,NB(M),LongParameterList,,,,,,
123,NB(M),Stack-LR,Wilcoxon,Reject,Stack-LR,NB(M),Reject,Stack-LR,NB(M),LongParameterList,,,,,,
124,NB(M),Stack-DT,Wilcoxon,Reject,Stack-DT,NB(M),Reject,Stack-DT,NB(M),LongParameterList,,,,,,
125,NB(M),Stack-SVM,Wilcoxon,Reject,Stack-SVM,NB(M),Reject,Stack-SVM,NB(M),LongParameterList,,,,,,
126,LDA,KNN,Wilcoxon,Reject,LDA,KNN,Reject,LDA,KNN,LongParameterList,,,,,,
127,LDA,Stack-LR,Wilcoxon,Reject,Stack-LR,LDA,Reject,Stack-LR,LDA,LongParameterList,,,,,,
128,LDA,Stack-DT,Wilcoxon,Accept,,,Accept,,,LongParameterList,,,,,,
129,LDA,Stack-SVM,Wilcoxon,Reject,Stack-SVM,LDA,Reject,Stack-SVM,LDA,LongParameterList,,,,,,
130,KNN,Stack-LR,Wilcoxon,Reject,Stack-LR,KNN,Reject,Stack-LR,KNN,LongParameterList,,,,,,
131,KNN,Stack-DT,Wilcoxon,Reject,Stack-DT,KNN,Reject,Stack-DT,KNN,LongParameterList,,,,,,
132,KNN,Stack-SVM,Wilcoxon,Reject,Stack-SVM,KNN,Reject,Stack-SVM,KNN,LongParameterList,,,,,,
133,Stack-LR,Stack-DT,Wilcoxon,Reject,Stack-LR,Stack-DT,Reject,Stack-LR,Stack-DT,LongParameterList,,,,,,
134,Stack-LR,Stack-SVM,Wilcoxon,Accept,,,Accept,,,LongParameterList,,,,,,
135,Stack-DT,Stack-SVM,Wilcoxon,Reject,Stack-SVM,Stack-DT,Reject,Stack-SVM,Stack-DT,LongParameterList,,,,,,
0,DT,LR,Wilcoxon,Reject,DT,LR,Accept,,,SwitchStatements,,,,,,
1,DT,SVM(Lin),Wilcoxon,Accept,,,Accept,,,SwitchStatements,,,,,,
2,DT,SVM(Poly),Wilcoxon,Accept,,,Accept,,,SwitchStatements,,,,,,
3,DT,SVM(Sig),Wilcoxon,Reject,DT,SVM(Sig),Reject,DT,SVM(Sig),SwitchStatements,,,,,,
4,DT,SVM(RBF),Wilcoxon,Reject,DT,SVM(RBF),Accept,,,SwitchStatements,,,,,,
5,DT,MLP,Wilcoxon,Reject,MLP,DT,Accept,,,SwitchStatements,,,,,,
6,DT,SGD,Wilcoxon,Reject,DT,SGD,Reject,DT,SGD,SwitchStatements,,,,,,
7,DT,GP,Wilcoxon,Reject,GP,DT,Reject,GP,DT,SwitchStatements,,,,,,
8,DT,NB(B),Wilcoxon,Reject,DT,NB(B),Reject,DT,NB(B),SwitchStatements,,,,,,
9,DT,NB(G),Wilcoxon,Accept,,,Accept,,,SwitchStatements,,,,,,
10,DT,NB(M),Wilcoxon,Reject,DT,NB(M),Reject,DT,NB(M),SwitchStatements,,,,,,
11,DT,LDA,Wilcoxon,Reject,DT,LDA,Accept,,,SwitchStatements,,,,,,
12,DT,KNN,Wilcoxon,Reject,DT,KNN,Reject,DT,KNN,SwitchStatements,,,,,,
13,DT,Stack-LR,Wilcoxon,Reject,Stack-LR,DT,Accept,,,SwitchStatements,,,,,,
14,DT,Stack-DT,Wilcoxon,Reject,DT,Stack-DT,Accept,,,SwitchStatements,,,,,,
15,DT,Stack-SVM,Wilcoxon,Reject,Stack-SVM,DT,Accept,,,SwitchStatements,,,,,,
16,LR,SVM(Lin),Wilcoxon,Reject,SVM(Lin),LR,Reject,SVM(Lin),LR,SwitchStatements,,,,,,
17,LR,SVM(Poly),Wilcoxon,Reject,SVM(Poly),LR,Accept,,,SwitchStatements,,,,,,
18,LR,SVM(Sig),Wilcoxon,Reject,LR,SVM(Sig),Reject,LR,SVM(Sig),SwitchStatements,,,,,,
19,LR,SVM(RBF),Wilcoxon,Accept,,,Accept,,,SwitchStatements,,,,,,
20,LR,MLP,Wilcoxon,Reject,MLP,LR,Reject,MLP,LR,SwitchStatements,,,,,,
21,LR,SGD,Wilcoxon,Reject,LR,SGD,Reject,LR,SGD,SwitchStatements,,,,,,
22,LR,GP,Wilcoxon,Reject,GP,LR,Reject,GP,LR,SwitchStatements,,,,,,
23,LR,NB(B),Wilcoxon,Reject,LR,NB(B),Reject,LR,NB(B),SwitchStatements,,,,,,
24,LR,NB(G),Wilcoxon,Accept,,,Accept,,,SwitchStatements,,,,,,
25,LR,NB(M),Wilcoxon,Reject,LR,NB(M),Reject,LR,NB(M),SwitchStatements,,,,,,
26,LR,LDA,Wilcoxon,Accept,,,Accept,,,SwitchStatements,,,,,,
27,LR,KNN,Wilcoxon,Reject,LR,KNN,Reject,LR,KNN,SwitchStatements,,,,,,
28,LR,Stack-LR,Wilcoxon,Reject,Stack-LR,LR,Reject,Stack-LR,LR,SwitchStatements,,,,,,
29,LR,Stack-DT,Wilcoxon,Accept,,,Accept,,,SwitchStatements,,,,,,
30,LR,Stack-SVM,Wilcoxon,Reject,Stack-SVM,LR,Reject,Stack-SVM,LR,SwitchStatements,,,,,,
31,SVM(Lin),SVM(Poly),Wilcoxon,Accept,,,Accept,,,SwitchStatements,,,,,,
32,SVM(Lin),SVM(Sig),Wilcoxon,Reject,SVM(Lin),SVM(Sig),Reject,SVM(Lin),SVM(Sig),SwitchStatements,,,,,,
33,SVM(Lin),SVM(RBF),Wilcoxon,Reject,SVM(Lin),SVM(RBF),Accept,,,SwitchStatements,,,,,,
34,SVM(Lin),MLP,Wilcoxon,Reject,MLP,SVM(Lin),Reject,MLP,SVM(Lin),SwitchStatements,,,,,,
35,SVM(Lin),SGD,Wilcoxon,Reject,SVM(Lin),SGD,Reject,SVM(Lin),SGD,SwitchStatements,,,,,,
36,SVM(Lin),GP,Wilcoxon,Reject,GP,SVM(Lin),Reject,GP,SVM(Lin),SwitchStatements,,,,,,
37,SVM(Lin),NB(B),Wilcoxon,Reject,SVM(Lin),NB(B),Reject,SVM(Lin),NB(B),SwitchStatements,,,,,,
38,SVM(Lin),NB(G),Wilcoxon,Reject,SVM(Lin),NB(G),Accept,,,SwitchStatements,,,,,,
39,SVM(Lin),NB(M),Wilcoxon,Reject,SVM(Lin),NB(M),Reject,SVM(Lin),NB(M),SwitchStatements,,,,,,
40,SVM(Lin),LDA,Wilcoxon,Reject,SVM(Lin),LDA,Reject,SVM(Lin),LDA,SwitchStatements,,,,,,
41,SVM(Lin),KNN,Wilcoxon,Reject,SVM(Lin),KNN,Reject,SVM(Lin),KNN,SwitchStatements,,,,,,
42,SVM(Lin),Stack-LR,Wilcoxon,Reject,Stack-LR,SVM(Lin),Accept,,,SwitchStatements,,,,,,
43,SVM(Lin),Stack-DT,Wilcoxon,Reject,SVM(Lin),Stack-DT,Accept,,,SwitchStatements,,,,,,
44,SVM(Lin),Stack-SVM,Wilcoxon,Reject,Stack-SVM,SVM(Lin),Reject,Stack-SVM,SVM(Lin),SwitchStatements,,,,,,
45,SVM(Poly),SVM(Sig),Wilcoxon,Reject,SVM(Poly),SVM(Sig),Reject,SVM(Poly),SVM(Sig),SwitchStatements,,,,,,
46,SVM(Poly),SVM(RBF),Wilcoxon,Reject,SVM(Poly),SVM(RBF),Reject,SVM(Poly),SVM(RBF),SwitchStatements,,,,,,
47,SVM(Poly),MLP,Wilcoxon,Reject,MLP,SVM(Poly),Accept,,,SwitchStatements,,,,,,
48,SVM(Poly),SGD,Wilcoxon,Reject,SVM(Poly),SGD,Reject,SVM(Poly),SGD,SwitchStatements,,,,,,
49,SVM(Poly),GP,Wilcoxon,Reject,GP,SVM(Poly),Reject,GP,SVM(Poly),SwitchStatements,,,,,,
50,SVM(Poly),NB(B),Wilcoxon,Reject,SVM(Poly),NB(B),Reject,SVM(Poly),NB(B),SwitchStatements,,,,,,
51,SVM(Poly),NB(G),Wilcoxon,Accept,,,Accept,,,SwitchStatements,,,,,,
52,SVM(Poly),NB(M),Wilcoxon,Reject,SVM(Poly),NB(M),Reject,SVM(Poly),NB(M),SwitchStatements,,,,,,
53,SVM(Poly),LDA,Wilcoxon,Reject,SVM(Poly),LDA,Reject,SVM(Poly),LDA,SwitchStatements,,,,,,
54,SVM(Poly),KNN,Wilcoxon,Reject,SVM(Poly),KNN,Reject,SVM(Poly),KNN,SwitchStatements,,,,,,
55,SVM(Poly),Stack-LR,Wilcoxon,Reject,Stack-LR,SVM(Poly),Accept,,,SwitchStatements,,,,,,
56,SVM(Poly),Stack-DT,Wilcoxon,Reject,SVM(Poly),Stack-DT,Accept,,,SwitchStatements,,,,,,
57,SVM(Poly),Stack-SVM,Wilcoxon,Reject,Stack-SVM,SVM(Poly),Accept,,,SwitchStatements,,,,,,
58,SVM(Sig),SVM(RBF),Wilcoxon,Reject,SVM(RBF),SVM(Sig),Reject,SVM(RBF),SVM(Sig),SwitchStatements,,,,,,
59,SVM(Sig),MLP,Wilcoxon,Reject,MLP,SVM(Sig),Reject,MLP,SVM(Sig),SwitchStatements,,,,,,
60,SVM(Sig),SGD,Wilcoxon,Reject,SGD,SVM(Sig),Reject,SGD,SVM(Sig),SwitchStatements,,,,,,
61,SVM(Sig),GP,Wilcoxon,Reject,GP,SVM(Sig),Reject,GP,SVM(Sig),SwitchStatements,,,,,,
62,SVM(Sig),NB(B),Wilcoxon,Reject,NB(B),SVM(Sig),Reject,NB(B),SVM(Sig),SwitchStatements,,,,,,
63,SVM(Sig),NB(G),Wilcoxon,Reject,NB(G),SVM(Sig),Reject,NB(G),SVM(Sig),SwitchStatements,,,,,,
64,SVM(Sig),NB(M),Wilcoxon,Reject,NB(M),SVM(Sig),Reject,NB(M),SVM(Sig),SwitchStatements,,,,,,
65,SVM(Sig),LDA,Wilcoxon,Reject,LDA,SVM(Sig),Reject,LDA,SVM(Sig),SwitchStatements,,,,,,
66,SVM(Sig),KNN,Wilcoxon,Reject,KNN,SVM(Sig),Reject,KNN,SVM(Sig),SwitchStatements,,,,,,
67,SVM(Sig),Stack-LR,Wilcoxon,Reject,Stack-LR,SVM(Sig),Reject,Stack-LR,SVM(Sig),SwitchStatements,,,,,,
68,SVM(Sig),Stack-DT,Wilcoxon,Reject,Stack-DT,SVM(Sig),Reject,Stack-DT,SVM(Sig),SwitchStatements,,,,,,
69,SVM(Sig),Stack-SVM,Wilcoxon,Reject,Stack-SVM,SVM(Sig),Reject,Stack-SVM,SVM(Sig),SwitchStatements,,,,,,
70,SVM(RBF),MLP,Wilcoxon,Reject,MLP,SVM(RBF),Reject,MLP,SVM(RBF),SwitchStatements,,,,,,
71,SVM(RBF),SGD,Wilcoxon,Reject,SVM(RBF),SGD,Reject,SVM(RBF),SGD,SwitchStatements,,,,,,
72,SVM(RBF),GP,Wilcoxon,Reject,GP,SVM(RBF),Reject,GP,SVM(RBF),SwitchStatements,,,,,,
73,SVM(RBF),NB(B),Wilcoxon,Reject,SVM(RBF),NB(B),Reject,SVM(RBF),NB(B),SwitchStatements,,,,,,
74,SVM(RBF),NB(G),Wilcoxon,Reject,NB(G),SVM(RBF),Accept,,,SwitchStatements,,,,,,
75,SVM(RBF),NB(M),Wilcoxon,Reject,SVM(RBF),NB(M),Reject,SVM(RBF),NB(M),SwitchStatements,,,,,,
76,SVM(RBF),LDA,Wilcoxon,Accept,,,Accept,,,SwitchStatements,,,,,,
77,SVM(RBF),KNN,Wilcoxon,Reject,SVM(RBF),KNN,Reject,SVM(RBF),KNN,SwitchStatements,,,,,,
78,SVM(RBF),Stack-LR,Wilcoxon,Reject,Stack-LR,SVM(RBF),Reject,Stack-LR,SVM(RBF),SwitchStatements,,,,,,
79,SVM(RBF),Stack-DT,Wilcoxon,Accept,,,Accept,,,SwitchStatements,,,,,,
80,SVM(RBF),Stack-SVM,Wilcoxon,Reject,Stack-SVM,SVM(RBF),Reject,Stack-SVM,SVM(RBF),SwitchStatements,,,,,,
81,MLP,SGD,Wilcoxon,Reject,MLP,SGD,Reject,MLP,SGD,SwitchStatements,,,,,,
82,MLP,GP,Wilcoxon,Reject,GP,MLP,Accept,,,SwitchStatements,,,,,,
83,MLP,NB(B),Wilcoxon,Reject,MLP,NB(B),Reject,MLP,NB(B),SwitchStatements,,,,,,
84,MLP,NB(G),Wilcoxon,Reject,MLP,NB(G),Reject,MLP,NB(G),SwitchStatements,,,,,,
85,MLP,NB(M),Wilcoxon,Reject,MLP,NB(M),Reject,MLP,NB(M),SwitchStatements,,,,,,
86,MLP,LDA,Wilcoxon,Reject,MLP,LDA,Reject,MLP,LDA,SwitchStatements,,,,,,
87,MLP,KNN,Wilcoxon,Reject,MLP,KNN,Reject,MLP,KNN,SwitchStatements,,,,,,
88,MLP,Stack-LR,Wilcoxon,Accept,,,Accept,,,SwitchStatements,,,,,,
89,MLP,Stack-DT,Wilcoxon,Reject,MLP,Stack-DT,Reject,MLP,Stack-DT,SwitchStatements,,,,,,
90,MLP,Stack-SVM,Wilcoxon,Accept,,,Accept,,,SwitchStatements,,,,,,
91,SGD,GP,Wilcoxon,Reject,GP,SGD,Reject,GP,SGD,SwitchStatements,,,,,,
92,SGD,NB(B),Wilcoxon,Reject,SGD,NB(B),Reject,SGD,NB(B),SwitchStatements,,,,,,
93,SGD,NB(G),Wilcoxon,Reject,NB(G),SGD,Reject,NB(G),SGD,SwitchStatements,,,,,,
94,SGD,NB(M),Wilcoxon,Reject,NB(M),SGD,Accept,,,SwitchStatements,,,,,,
95,SGD,LDA,Wilcoxon,Reject,LDA,SGD,Reject,LDA,SGD,SwitchStatements,,,,,,
96,SGD,KNN,Wilcoxon,Reject,KNN,SGD,Reject,KNN,SGD,SwitchStatements,,,,,,
97,SGD,Stack-LR,Wilcoxon,Reject,Stack-LR,SGD,Reject,Stack-LR,SGD,SwitchStatements,,,,,,
98,SGD,Stack-DT,Wilcoxon,Reject,Stack-DT,SGD,Reject,Stack-DT,SGD,SwitchStatements,,,,,,
99,SGD,Stack-SVM,Wilcoxon,Reject,Stack-SVM,SGD,Reject,Stack-SVM,SGD,SwitchStatements,,,,,,
100,GP,NB(B),Wilcoxon,Reject,GP,NB(B),Reject,GP,NB(B),SwitchStatements,,,,,,
101,GP,NB(G),Wilcoxon,Reject,GP,NB(G),Reject,GP,NB(G),SwitchStatements,,,,,,
102,GP,NB(M),Wilcoxon,Reject,GP,NB(M),Reject,GP,NB(M),SwitchStatements,,,,,,
103,GP,LDA,Wilcoxon,Reject,GP,LDA,Reject,GP,LDA,SwitchStatements,,,,,,
104,GP,KNN,Wilcoxon,Reject,GP,KNN,Reject,GP,KNN,SwitchStatements,,,,,,
105,GP,Stack-LR,Wilcoxon,Reject,GP,Stack-LR,Accept,,,SwitchStatements,,,,,,
106,GP,Stack-DT,Wilcoxon,Reject,GP,Stack-DT,Reject,GP,Stack-DT,SwitchStatements,,,,,,
107,GP,Stack-SVM,Wilcoxon,Accept,,,Accept,,,SwitchStatements,,,,,,
108,NB(B),NB(G),Wilcoxon,Reject,NB(G),NB(B),Reject,NB(G),NB(B),SwitchStatements,,,,,,
109,NB(B),NB(M),Wilcoxon,Reject,NB(M),NB(B),Reject,NB(M),NB(B),SwitchStatements,,,,,,
110,NB(B),LDA,Wilcoxon,Reject,LDA,NB(B),Reject,LDA,NB(B),SwitchStatements,,,,,,
111,NB(B),KNN,Wilcoxon,Reject,KNN,NB(B),Reject,KNN,NB(B),SwitchStatements,,,,,,
112,NB(B),Stack-LR,Wilcoxon,Reject,Stack-LR,NB(B),Reject,Stack-LR,NB(B),SwitchStatements,,,,,,
113,NB(B),Stack-DT,Wilcoxon,Reject,Stack-DT,NB(B),Reject,Stack-DT,NB(B),SwitchStatements,,,,,,
114,NB(B),Stack-SVM,Wilcoxon,Reject,Stack-SVM,NB(B),Reject,Stack-SVM,NB(B),SwitchStatements,,,,,,
115,NB(G),NB(M),Wilcoxon,Reject,NB(G),NB(M),Reject,NB(G),NB(M),SwitchStatements,,,,,,
116,NB(G),LDA,Wilcoxon,Reject,NB(G),LDA,Accept,,,SwitchStatements,,,,,,
117,NB(G),KNN,Wilcoxon,Reject,NB(G),KNN,Reject,NB(G),KNN,SwitchStatements,,,,,,
118,NB(G),Stack-LR,Wilcoxon,Reject,Stack-LR,NB(G),Reject,Stack-LR,NB(G),SwitchStatements,,,,,,
119,NB(G),Stack-DT,Wilcoxon,Accept,,,Accept,,,SwitchStatements,,,,,,
120,NB(G),Stack-SVM,Wilcoxon,Reject,Stack-SVM,NB(G),Reject,Stack-SVM,NB(G),SwitchStatements,,,,,,
121,NB(M),LDA,Wilcoxon,Reject,LDA,NB(M),Reject,LDA,NB(M),SwitchStatements,,,,,,
122,NB(M),KNN,Wilcoxon,Reject,KNN,NB(M),Reject,KNN,NB(M),SwitchStatements,,,,,,
123,NB(M),Stack-LR,Wilcoxon,Reject,Stack-LR,NB(M),Reject,Stack-LR,NB(M),SwitchStatements,,,,,,
124,NB(M),Stack-DT,Wilcoxon,Reject,Stack-DT,NB(M),Reject,Stack-DT,NB(M),SwitchStatements,,,,,,
125,NB(M),Stack-SVM,Wilcoxon,Reject,Stack-SVM,NB(M),Reject,Stack-SVM,NB(M),SwitchStatements,,,,,,
126,LDA,KNN,Wilcoxon,Reject,LDA,KNN,Reject,LDA,KNN,SwitchStatements,,,,,,
127,LDA,Stack-LR,Wilcoxon,Reject,Stack-LR,LDA,Reject,Stack-LR,LDA,SwitchStatements,,,,,,
128,LDA,Stack-DT,Wilcoxon,Accept,,,Accept,,,SwitchStatements,,,,,,
129,LDA,Stack-SVM,Wilcoxon,Reject,Stack-SVM,LDA,Reject,Stack-SVM,LDA,SwitchStatements,,,,,,
130,KNN,Stack-LR,Wilcoxon,Reject,Stack-LR,KNN,Reject,Stack-LR,KNN,SwitchStatements,,,,,,
131,KNN,Stack-DT,Wilcoxon,Reject,Stack-DT,KNN,Reject,Stack-DT,KNN,SwitchStatements,,,,,,
132,KNN,Stack-SVM,Wilcoxon,Reject,Stack-SVM,KNN,Reject,Stack-SVM,KNN,SwitchStatements,,,,,,
133,Stack-LR,Stack-DT,Wilcoxon,Reject,Stack-LR,Stack-DT,Reject,Stack-LR,Stack-DT,SwitchStatements,,,,,,
134,Stack-LR,Stack-SVM,Wilcoxon,Reject,Stack-SVM,Stack-LR,Accept,,,SwitchStatements,,,,,,
135,Stack-DT,Stack-SVM,Wilcoxon,Reject,Stack-SVM,Stack-DT,Reject,Stack-SVM,Stack-DT,SwitchStatements,,,,,,